/data2/cyk/MyIQA2New/DataSet/SIQAD2/DistortedImages/train/cim3_1_1.bmp,/data2/cyk/MyIQA2New/DataSet/SIQAD2/LogImages/train/cim3_1_1.bmp,42.48482712,0,0
/data2/cyk/MyIQA2New/DataSet/SIQAD2/DistortedImages/train/cim3_1_2.bmp,/data2/cyk/MyIQA2New/DataSet/SIQAD2/LogImages/train/cim3_1_2.bmp,49.25536893,0,1
/data2/cyk/MyIQA2New/DataSet/SIQAD2/DistortedImages/train/cim3_1_3.bmp,/data2/cyk/MyIQA2New/DataSet/SIQAD2/LogImages/train/cim3_1_3.bmp,65.85572309,0,2
/data2/cyk/MyIQA2New/DataSet/SIQAD2/DistortedImages/train/cim3_1_4.bmp,/data2/cyk/MyIQA2New/DataSet/SIQAD2/LogImages/train/cim3_1_4.bmp,68.0869539,0,3
/data2/cyk/MyIQA2New/DataSet/SIQAD2/DistortedImages/train/cim3_1_5.bmp,/data2/cyk/MyIQA2New/DataSet/SIQAD2/LogImages/train/cim3_1_5.bmp,77.7643234,0,4
/data2/cyk/MyIQA2New/DataSet/SIQAD2/DistortedImages/train/cim3_1_6.bmp,/data2/cyk/MyIQA2New/DataSet/SIQAD2/LogImages/train/cim3_1_6.bmp,78.98867497,0,5
/data2/cyk/MyIQA2New/DataSet/SIQAD2/DistortedImages/train/cim3_1_7.bmp,/data2/cyk/MyIQA2New/DataSet/SIQAD2/LogImages/train/cim3_1_7.bmp,85.26249049,0,6
/data2/cyk/MyIQA2New/DataSet/SIQAD2/DistortedImages/train/cim3_2_1.bmp,/data2/cyk/MyIQA2New/DataSet/SIQAD2/LogImages/train/cim3_2_1.bmp,59.41417493,1,0
/data2/cyk/MyIQA2New/DataSet/SIQAD2/DistortedImages/train/cim3_2_2.bmp,/data2/cyk/MyIQA2New/DataSet/SIQAD2/LogImages/train/cim3_2_2.bmp,60.02443371,1,1
/data2/cyk/MyIQA2New/DataSet/SIQAD2/DistortedImages/train/cim3_2_3.bmp,/data2/cyk/MyIQA2New/DataSet/SIQAD2/LogImages/train/cim3_2_3.bmp,58.43497703,1,2
/data2/cyk/MyIQA2New/DataSet/SIQAD2/DistortedImages/train/cim3_2_4.bmp,/data2/cyk/MyIQA2New/DataSet/SIQAD2/LogImages/train/cim3_2_4.bmp,65.74743431,1,3
/data2/cyk/MyIQA2New/DataSet/SIQAD2/DistortedImages/train/cim3_2_5.bmp,/data2/cyk/MyIQA2New/DataSet/SIQAD2/LogImages/train/cim3_2_5.bmp,67.8443564,1,4
/data2/cyk/MyIQA2New/DataSet/SIQAD2/DistortedImages/train/cim3_2_6.bmp,/data2/cyk/MyIQA2New/DataSet/SIQAD2/LogImages/train/cim3_2_6.bmp,85.02976443,1,5
/data2/cyk/MyIQA2New/DataSet/SIQAD2/DistortedImages/train/cim3_2_7.bmp,/data2/cyk/MyIQA2New/DataSet/SIQAD2/LogImages/train/cim3_2_7.bmp,89.15637089,1,6
/data2/cyk/MyIQA2New/DataSet/SIQAD2/DistortedImages/train/cim3_3_1.bmp,/data2/cyk/MyIQA2New/DataSet/SIQAD2/LogImages/train/cim3_3_1.bmp,60.96826406,2,0
/data2/cyk/MyIQA2New/DataSet/SIQAD2/DistortedImages/train/cim3_3_2.bmp,/data2/cyk/MyIQA2New/DataSet/SIQAD2/LogImages/train/cim3_3_2.bmp,71.17871435,2,1
/data2/cyk/MyIQA2New/DataSet/SIQAD2/DistortedImages/train/cim3_3_3.bmp,/data2/cyk/MyIQA2New/DataSet/SIQAD2/LogImages/train/cim3_3_3.bmp,72.22074902,2,2
/data2/cyk/MyIQA2New/DataSet/SIQAD2/DistortedImages/train/cim3_3_4.bmp,/data2/cyk/MyIQA2New/DataSet/SIQAD2/LogImages/train/cim3_3_4.bmp,77.30582756,2,3
/data2/cyk/MyIQA2New/DataSet/SIQAD2/DistortedImages/train/cim3_3_5.bmp,/data2/cyk/MyIQA2New/DataSet/SIQAD2/LogImages/train/cim3_3_5.bmp,74.29403582,2,4
/data2/cyk/MyIQA2New/DataSet/SIQAD2/DistortedImages/train/cim3_3_6.bmp,/data2/cyk/MyIQA2New/DataSet/SIQAD2/LogImages/train/cim3_3_6.bmp,78.71963369,2,5
/data2/cyk/MyIQA2New/DataSet/SIQAD2/DistortedImages/train/cim3_3_7.bmp,/data2/cyk/MyIQA2New/DataSet/SIQAD2/LogImages/train/cim3_3_7.bmp,82.94697466,2,6
/data2/cyk/MyIQA2New/DataSet/SIQAD2/DistortedImages/train/cim3_4_1.bmp,/data2/cyk/MyIQA2New/DataSet/SIQAD2/LogImages/train/cim3_4_1.bmp,73.26733885,3,0
/data2/cyk/MyIQA2New/DataSet/SIQAD2/DistortedImages/train/cim3_4_2.bmp,/data2/cyk/MyIQA2New/DataSet/SIQAD2/LogImages/train/cim3_4_2.bmp,44.39291942,3,1
/data2/cyk/MyIQA2New/DataSet/SIQAD2/DistortedImages/train/cim3_4_3.bmp,/data2/cyk/MyIQA2New/DataSet/SIQAD2/LogImages/train/cim3_4_3.bmp,43.01499803,3,2
/data2/cyk/MyIQA2New/DataSet/SIQAD2/DistortedImages/train/cim3_4_4.bmp,/data2/cyk/MyIQA2New/DataSet/SIQAD2/LogImages/train/cim3_4_4.bmp,48.64429277,3,3
/data2/cyk/MyIQA2New/DataSet/SIQAD2/DistortedImages/train/cim3_4_5.bmp,/data2/cyk/MyIQA2New/DataSet/SIQAD2/LogImages/train/cim3_4_5.bmp,56.53296523,3,4
/data2/cyk/MyIQA2New/DataSet/SIQAD2/DistortedImages/train/cim3_4_6.bmp,/data2/cyk/MyIQA2New/DataSet/SIQAD2/LogImages/train/cim3_4_6.bmp,62.22102546,3,5
/data2/cyk/MyIQA2New/DataSet/SIQAD2/DistortedImages/train/cim3_4_7.bmp,/data2/cyk/MyIQA2New/DataSet/SIQAD2/LogImages/train/cim3_4_7.bmp,45.34820282,3,6
/data2/cyk/MyIQA2New/DataSet/SIQAD2/DistortedImages/train/cim3_5_1.bmp,/data2/cyk/MyIQA2New/DataSet/SIQAD2/LogImages/train/cim3_5_1.bmp,42.67582442,4,0
/data2/cyk/MyIQA2New/DataSet/SIQAD2/DistortedImages/train/cim3_5_2.bmp,/data2/cyk/MyIQA2New/DataSet/SIQAD2/LogImages/train/cim3_5_2.bmp,39.28906925,4,1
/data2/cyk/MyIQA2New/DataSet/SIQAD2/DistortedImages/train/cim3_5_3.bmp,/data2/cyk/MyIQA2New/DataSet/SIQAD2/LogImages/train/cim3_5_3.bmp,50.27914826,4,2
/data2/cyk/MyIQA2New/DataSet/SIQAD2/DistortedImages/train/cim3_5_4.bmp,/data2/cyk/MyIQA2New/DataSet/SIQAD2/LogImages/train/cim3_5_4.bmp,49.37156762,4,3
/data2/cyk/MyIQA2New/DataSet/SIQAD2/DistortedImages/train/cim3_5_5.bmp,/data2/cyk/MyIQA2New/DataSet/SIQAD2/LogImages/train/cim3_5_5.bmp,55.6650025,4,4
/data2/cyk/MyIQA2New/DataSet/SIQAD2/DistortedImages/train/cim3_5_6.bmp,/data2/cyk/MyIQA2New/DataSet/SIQAD2/LogImages/train/cim3_5_6.bmp,68.42645138,4,5
/data2/cyk/MyIQA2New/DataSet/SIQAD2/DistortedImages/train/cim3_5_7.bmp,/data2/cyk/MyIQA2New/DataSet/SIQAD2/LogImages/train/cim3_5_7.bmp,66.07271184,4,6
/data2/cyk/MyIQA2New/DataSet/SIQAD2/DistortedImages/train/cim3_6_1.bmp,/data2/cyk/MyIQA2New/DataSet/SIQAD2/LogImages/train/cim3_6_1.bmp,50.09801476,5,0
/data2/cyk/MyIQA2New/DataSet/SIQAD2/DistortedImages/train/cim3_6_2.bmp,/data2/cyk/MyIQA2New/DataSet/SIQAD2/LogImages/train/cim3_6_2.bmp,47.9026361,5,1
/data2/cyk/MyIQA2New/DataSet/SIQAD2/DistortedImages/train/cim3_6_3.bmp,/data2/cyk/MyIQA2New/DataSet/SIQAD2/LogImages/train/cim3_6_3.bmp,61.04333598,5,2
/data2/cyk/MyIQA2New/DataSet/SIQAD2/DistortedImages/train/cim3_6_4.bmp,/data2/cyk/MyIQA2New/DataSet/SIQAD2/LogImages/train/cim3_6_4.bmp,62.40039953,5,3
/data2/cyk/MyIQA2New/DataSet/SIQAD2/DistortedImages/train/cim3_6_5.bmp,/data2/cyk/MyIQA2New/DataSet/SIQAD2/LogImages/train/cim3_6_5.bmp,63.95730089,5,4
/data2/cyk/MyIQA2New/DataSet/SIQAD2/DistortedImages/train/cim3_6_6.bmp,/data2/cyk/MyIQA2New/DataSet/SIQAD2/LogImages/train/cim3_6_6.bmp,79.88834791,5,5
/data2/cyk/MyIQA2New/DataSet/SIQAD2/DistortedImages/train/cim3_6_7.bmp,/data2/cyk/MyIQA2New/DataSet/SIQAD2/LogImages/train/cim3_6_7.bmp,71.27066656,5,6
/data2/cyk/MyIQA2New/DataSet/SIQAD2/DistortedImages/train/cim3_7_1.bmp,/data2/cyk/MyIQA2New/DataSet/SIQAD2/LogImages/train/cim3_7_1.bmp,46.77143061,6,0
/data2/cyk/MyIQA2New/DataSet/SIQAD2/DistortedImages/train/cim3_7_2.bmp,/data2/cyk/MyIQA2New/DataSet/SIQAD2/LogImages/train/cim3_7_2.bmp,48.08555756,6,1
/data2/cyk/MyIQA2New/DataSet/SIQAD2/DistortedImages/train/cim3_7_3.bmp,/data2/cyk/MyIQA2New/DataSet/SIQAD2/LogImages/train/cim3_7_3.bmp,47.6623899,6,2
/data2/cyk/MyIQA2New/DataSet/SIQAD2/DistortedImages/train/cim3_7_4.bmp,/data2/cyk/MyIQA2New/DataSet/SIQAD2/LogImages/train/cim3_7_4.bmp,56.38054518,6,3
/data2/cyk/MyIQA2New/DataSet/SIQAD2/DistortedImages/train/cim3_7_5.bmp,/data2/cyk/MyIQA2New/DataSet/SIQAD2/LogImages/train/cim3_7_5.bmp,55.15078643,6,4
/data2/cyk/MyIQA2New/DataSet/SIQAD2/DistortedImages/train/cim3_7_6.bmp,/data2/cyk/MyIQA2New/DataSet/SIQAD2/LogImages/train/cim3_7_6.bmp,55.34884425,6,5
/data2/cyk/MyIQA2New/DataSet/SIQAD2/DistortedImages/train/cim3_7_7.bmp,/data2/cyk/MyIQA2New/DataSet/SIQAD2/LogImages/train/cim3_7_7.bmp,62.20887089,6,6
/data2/cyk/MyIQA2New/DataSet/SIQAD2/DistortedImages/train/cim4_1_1.bmp,/data2/cyk/MyIQA2New/DataSet/SIQAD2/LogImages/train/cim4_1_1.bmp,35.45118239,0,0
/data2/cyk/MyIQA2New/DataSet/SIQAD2/DistortedImages/train/cim4_1_2.bmp,/data2/cyk/MyIQA2New/DataSet/SIQAD2/LogImages/train/cim4_1_2.bmp,48.94840606,0,1
/data2/cyk/MyIQA2New/DataSet/SIQAD2/DistortedImages/train/cim4_1_3.bmp,/data2/cyk/MyIQA2New/DataSet/SIQAD2/LogImages/train/cim4_1_3.bmp,53.66500253,0,2
/data2/cyk/MyIQA2New/DataSet/SIQAD2/DistortedImages/train/cim4_1_4.bmp,/data2/cyk/MyIQA2New/DataSet/SIQAD2/LogImages/train/cim4_1_4.bmp,71.99576358,0,3
/data2/cyk/MyIQA2New/DataSet/SIQAD2/DistortedImages/train/cim4_1_5.bmp,/data2/cyk/MyIQA2New/DataSet/SIQAD2/LogImages/train/cim4_1_5.bmp,74.37345956,0,4
/data2/cyk/MyIQA2New/DataSet/SIQAD2/DistortedImages/train/cim4_1_6.bmp,/data2/cyk/MyIQA2New/DataSet/SIQAD2/LogImages/train/cim4_1_6.bmp,71.53110479,0,5
/data2/cyk/MyIQA2New/DataSet/SIQAD2/DistortedImages/train/cim4_1_7.bmp,/data2/cyk/MyIQA2New/DataSet/SIQAD2/LogImages/train/cim4_1_7.bmp,70.44052221,0,6
/data2/cyk/MyIQA2New/DataSet/SIQAD2/DistortedImages/train/cim4_2_1.bmp,/data2/cyk/MyIQA2New/DataSet/SIQAD2/LogImages/train/cim4_2_1.bmp,51.54000397,1,0
/data2/cyk/MyIQA2New/DataSet/SIQAD2/DistortedImages/train/cim4_2_2.bmp,/data2/cyk/MyIQA2New/DataSet/SIQAD2/LogImages/train/cim4_2_2.bmp,49.42864775,1,1
/data2/cyk/MyIQA2New/DataSet/SIQAD2/DistortedImages/train/cim4_2_3.bmp,/data2/cyk/MyIQA2New/DataSet/SIQAD2/LogImages/train/cim4_2_3.bmp,55.19596166,1,2
/data2/cyk/MyIQA2New/DataSet/SIQAD2/DistortedImages/train/cim4_2_4.bmp,/data2/cyk/MyIQA2New/DataSet/SIQAD2/LogImages/train/cim4_2_4.bmp,60.63901228,1,3
/data2/cyk/MyIQA2New/DataSet/SIQAD2/DistortedImages/train/cim4_2_5.bmp,/data2/cyk/MyIQA2New/DataSet/SIQAD2/LogImages/train/cim4_2_5.bmp,79.15731648,1,4
/data2/cyk/MyIQA2New/DataSet/SIQAD2/DistortedImages/train/cim4_2_6.bmp,/data2/cyk/MyIQA2New/DataSet/SIQAD2/LogImages/train/cim4_2_6.bmp,79.69697447,1,5
/data2/cyk/MyIQA2New/DataSet/SIQAD2/DistortedImages/train/cim4_2_7.bmp,/data2/cyk/MyIQA2New/DataSet/SIQAD2/LogImages/train/cim4_2_7.bmp,78.00483367,1,6
/data2/cyk/MyIQA2New/DataSet/SIQAD2/DistortedImages/train/cim4_3_1.bmp,/data2/cyk/MyIQA2New/DataSet/SIQAD2/LogImages/train/cim4_3_1.bmp,56.53841472,2,0
/data2/cyk/MyIQA2New/DataSet/SIQAD2/DistortedImages/train/cim4_3_2.bmp,/data2/cyk/MyIQA2New/DataSet/SIQAD2/LogImages/train/cim4_3_2.bmp,67.64471178,2,1
/data2/cyk/MyIQA2New/DataSet/SIQAD2/DistortedImages/train/cim4_3_3.bmp,/data2/cyk/MyIQA2New/DataSet/SIQAD2/LogImages/train/cim4_3_3.bmp,65.53545654,2,2
/data2/cyk/MyIQA2New/DataSet/SIQAD2/DistortedImages/train/cim4_3_4.bmp,/data2/cyk/MyIQA2New/DataSet/SIQAD2/LogImages/train/cim4_3_4.bmp,73.21911471,2,3
/data2/cyk/MyIQA2New/DataSet/SIQAD2/DistortedImages/train/cim4_3_5.bmp,/data2/cyk/MyIQA2New/DataSet/SIQAD2/LogImages/train/cim4_3_5.bmp,74.64091667,2,4
/data2/cyk/MyIQA2New/DataSet/SIQAD2/DistortedImages/train/cim4_3_6.bmp,/data2/cyk/MyIQA2New/DataSet/SIQAD2/LogImages/train/cim4_3_6.bmp,78.97798309,2,5
/data2/cyk/MyIQA2New/DataSet/SIQAD2/DistortedImages/train/cim4_3_7.bmp,/data2/cyk/MyIQA2New/DataSet/SIQAD2/LogImages/train/cim4_3_7.bmp,77.57541207,2,6
/data2/cyk/MyIQA2New/DataSet/SIQAD2/DistortedImages/train/cim4_4_1.bmp,/data2/cyk/MyIQA2New/DataSet/SIQAD2/LogImages/train/cim4_4_1.bmp,68.89022322,3,0
/data2/cyk/MyIQA2New/DataSet/SIQAD2/DistortedImages/train/cim4_4_2.bmp,/data2/cyk/MyIQA2New/DataSet/SIQAD2/LogImages/train/cim4_4_2.bmp,48.97080419,3,1
/data2/cyk/MyIQA2New/DataSet/SIQAD2/DistortedImages/train/cim4_4_3.bmp,/data2/cyk/MyIQA2New/DataSet/SIQAD2/LogImages/train/cim4_4_3.bmp,33.36818905,3,2
/data2/cyk/MyIQA2New/DataSet/SIQAD2/DistortedImages/train/cim4_4_4.bmp,/data2/cyk/MyIQA2New/DataSet/SIQAD2/LogImages/train/cim4_4_4.bmp,39.14552932,3,3
/data2/cyk/MyIQA2New/DataSet/SIQAD2/DistortedImages/train/cim4_4_5.bmp,/data2/cyk/MyIQA2New/DataSet/SIQAD2/LogImages/train/cim4_4_5.bmp,52.75575358,3,4
/data2/cyk/MyIQA2New/DataSet/SIQAD2/DistortedImages/train/cim4_4_6.bmp,/data2/cyk/MyIQA2New/DataSet/SIQAD2/LogImages/train/cim4_4_6.bmp,55.11283201,3,5
/data2/cyk/MyIQA2New/DataSet/SIQAD2/DistortedImages/train/cim4_4_7.bmp,/data2/cyk/MyIQA2New/DataSet/SIQAD2/LogImages/train/cim4_4_7.bmp,42.38760292,3,6
/data2/cyk/MyIQA2New/DataSet/SIQAD2/DistortedImages/train/cim4_5_1.bmp,/data2/cyk/MyIQA2New/DataSet/SIQAD2/LogImages/train/cim4_5_1.bmp,47.53224491,4,0
/data2/cyk/MyIQA2New/DataSet/SIQAD2/DistortedImages/train/cim4_5_2.bmp,/data2/cyk/MyIQA2New/DataSet/SIQAD2/LogImages/train/cim4_5_2.bmp,48.41343536,4,1
/data2/cyk/MyIQA2New/DataSet/SIQAD2/DistortedImages/train/cim4_5_3.bmp,/data2/cyk/MyIQA2New/DataSet/SIQAD2/LogImages/train/cim4_5_3.bmp,54.76822163,4,2
/data2/cyk/MyIQA2New/DataSet/SIQAD2/DistortedImages/train/cim4_5_4.bmp,/data2/cyk/MyIQA2New/DataSet/SIQAD2/LogImages/train/cim4_5_4.bmp,56.57616099,4,3
/data2/cyk/MyIQA2New/DataSet/SIQAD2/DistortedImages/train/cim4_5_5.bmp,/data2/cyk/MyIQA2New/DataSet/SIQAD2/LogImages/train/cim4_5_5.bmp,59.49236878,4,4
/data2/cyk/MyIQA2New/DataSet/SIQAD2/DistortedImages/train/cim4_5_6.bmp,/data2/cyk/MyIQA2New/DataSet/SIQAD2/LogImages/train/cim4_5_6.bmp,63.75384365,4,5
/data2/cyk/MyIQA2New/DataSet/SIQAD2/DistortedImages/train/cim4_5_7.bmp,/data2/cyk/MyIQA2New/DataSet/SIQAD2/LogImages/train/cim4_5_7.bmp,63.56875208,4,6
/data2/cyk/MyIQA2New/DataSet/SIQAD2/DistortedImages/train/cim4_6_1.bmp,/data2/cyk/MyIQA2New/DataSet/SIQAD2/LogImages/train/cim4_6_1.bmp,48.99023822,5,0
/data2/cyk/MyIQA2New/DataSet/SIQAD2/DistortedImages/train/cim4_6_2.bmp,/data2/cyk/MyIQA2New/DataSet/SIQAD2/LogImages/train/cim4_6_2.bmp,48.57925227,5,1
/data2/cyk/MyIQA2New/DataSet/SIQAD2/DistortedImages/train/cim4_6_3.bmp,/data2/cyk/MyIQA2New/DataSet/SIQAD2/LogImages/train/cim4_6_3.bmp,49.23592939,5,2
/data2/cyk/MyIQA2New/DataSet/SIQAD2/DistortedImages/train/cim4_6_4.bmp,/data2/cyk/MyIQA2New/DataSet/SIQAD2/LogImages/train/cim4_6_4.bmp,52.12759334,5,3
/data2/cyk/MyIQA2New/DataSet/SIQAD2/DistortedImages/train/cim4_6_5.bmp,/data2/cyk/MyIQA2New/DataSet/SIQAD2/LogImages/train/cim4_6_5.bmp,59.84029351,5,4
/data2/cyk/MyIQA2New/DataSet/SIQAD2/DistortedImages/train/cim4_6_6.bmp,/data2/cyk/MyIQA2New/DataSet/SIQAD2/LogImages/train/cim4_6_6.bmp,61.09759961,5,5
/data2/cyk/MyIQA2New/DataSet/SIQAD2/DistortedImages/train/cim4_6_7.bmp,/data2/cyk/MyIQA2New/DataSet/SIQAD2/LogImages/train/cim4_6_7.bmp,72.26144926,5,6
/data2/cyk/MyIQA2New/DataSet/SIQAD2/DistortedImages/train/cim4_7_1.bmp,/data2/cyk/MyIQA2New/DataSet/SIQAD2/LogImages/train/cim4_7_1.bmp,42.01861179,6,0
/data2/cyk/MyIQA2New/DataSet/SIQAD2/DistortedImages/train/cim4_7_2.bmp,/data2/cyk/MyIQA2New/DataSet/SIQAD2/LogImages/train/cim4_7_2.bmp,47.35923164,6,1
/data2/cyk/MyIQA2New/DataSet/SIQAD2/DistortedImages/train/cim4_7_3.bmp,/data2/cyk/MyIQA2New/DataSet/SIQAD2/LogImages/train/cim4_7_3.bmp,46.52115374,6,2
/data2/cyk/MyIQA2New/DataSet/SIQAD2/DistortedImages/train/cim4_7_4.bmp,/data2/cyk/MyIQA2New/DataSet/SIQAD2/LogImages/train/cim4_7_4.bmp,53.15151668,6,3
/data2/cyk/MyIQA2New/DataSet/SIQAD2/DistortedImages/train/cim4_7_5.bmp,/data2/cyk/MyIQA2New/DataSet/SIQAD2/LogImages/train/cim4_7_5.bmp,53.07404089,6,4
/data2/cyk/MyIQA2New/DataSet/SIQAD2/DistortedImages/train/cim4_7_6.bmp,/data2/cyk/MyIQA2New/DataSet/SIQAD2/LogImages/train/cim4_7_6.bmp,52.47289399,6,5
/data2/cyk/MyIQA2New/DataSet/SIQAD2/DistortedImages/train/cim4_7_7.bmp,/data2/cyk/MyIQA2New/DataSet/SIQAD2/LogImages/train/cim4_7_7.bmp,54.47816144,6,6
/data2/cyk/MyIQA2New/DataSet/SIQAD2/DistortedImages/train/cim7_1_1.bmp,/data2/cyk/MyIQA2New/DataSet/SIQAD2/LogImages/train/cim7_1_1.bmp,37.35300438,0,0
/data2/cyk/MyIQA2New/DataSet/SIQAD2/DistortedImages/train/cim7_1_2.bmp,/data2/cyk/MyIQA2New/DataSet/SIQAD2/LogImages/train/cim7_1_2.bmp,37.76712036,0,1
/data2/cyk/MyIQA2New/DataSet/SIQAD2/DistortedImages/train/cim7_1_3.bmp,/data2/cyk/MyIQA2New/DataSet/SIQAD2/LogImages/train/cim7_1_3.bmp,42.59078912,0,2
/data2/cyk/MyIQA2New/DataSet/SIQAD2/DistortedImages/train/cim7_1_4.bmp,/data2/cyk/MyIQA2New/DataSet/SIQAD2/LogImages/train/cim7_1_4.bmp,60.19733746,0,3
/data2/cyk/MyIQA2New/DataSet/SIQAD2/DistortedImages/train/cim7_1_5.bmp,/data2/cyk/MyIQA2New/DataSet/SIQAD2/LogImages/train/cim7_1_5.bmp,63.9672003,0,4
/data2/cyk/MyIQA2New/DataSet/SIQAD2/DistortedImages/train/cim7_1_6.bmp,/data2/cyk/MyIQA2New/DataSet/SIQAD2/LogImages/train/cim7_1_6.bmp,69.7499948,0,5
/data2/cyk/MyIQA2New/DataSet/SIQAD2/DistortedImages/train/cim7_1_7.bmp,/data2/cyk/MyIQA2New/DataSet/SIQAD2/LogImages/train/cim7_1_7.bmp,76.5689005,0,6
/data2/cyk/MyIQA2New/DataSet/SIQAD2/DistortedImages/train/cim7_2_1.bmp,/data2/cyk/MyIQA2New/DataSet/SIQAD2/LogImages/train/cim7_2_1.bmp,45.1307928,1,0
/data2/cyk/MyIQA2New/DataSet/SIQAD2/DistortedImages/train/cim7_2_2.bmp,/data2/cyk/MyIQA2New/DataSet/SIQAD2/LogImages/train/cim7_2_2.bmp,62.95249543,1,1
/data2/cyk/MyIQA2New/DataSet/SIQAD2/DistortedImages/train/cim7_2_3.bmp,/data2/cyk/MyIQA2New/DataSet/SIQAD2/LogImages/train/cim7_2_3.bmp,64.82339524,1,2
/data2/cyk/MyIQA2New/DataSet/SIQAD2/DistortedImages/train/cim7_2_4.bmp,/data2/cyk/MyIQA2New/DataSet/SIQAD2/LogImages/train/cim7_2_4.bmp,71.62488449,1,3
/data2/cyk/MyIQA2New/DataSet/SIQAD2/DistortedImages/train/cim7_2_5.bmp,/data2/cyk/MyIQA2New/DataSet/SIQAD2/LogImages/train/cim7_2_5.bmp,75.86914192,1,4
/data2/cyk/MyIQA2New/DataSet/SIQAD2/DistortedImages/train/cim7_2_6.bmp,/data2/cyk/MyIQA2New/DataSet/SIQAD2/LogImages/train/cim7_2_6.bmp,90.07075556,1,5
/data2/cyk/MyIQA2New/DataSet/SIQAD2/DistortedImages/train/cim7_2_7.bmp,/data2/cyk/MyIQA2New/DataSet/SIQAD2/LogImages/train/cim7_2_7.bmp,87.06111395,1,6
/data2/cyk/MyIQA2New/DataSet/SIQAD2/DistortedImages/train/cim7_3_1.bmp,/data2/cyk/MyIQA2New/DataSet/SIQAD2/LogImages/train/cim7_3_1.bmp,46.74802921,2,0
/data2/cyk/MyIQA2New/DataSet/SIQAD2/DistortedImages/train/cim7_3_2.bmp,/data2/cyk/MyIQA2New/DataSet/SIQAD2/LogImages/train/cim7_3_2.bmp,64.2364617,2,1
/data2/cyk/MyIQA2New/DataSet/SIQAD2/DistortedImages/train/cim7_3_3.bmp,/data2/cyk/MyIQA2New/DataSet/SIQAD2/LogImages/train/cim7_3_3.bmp,60.18168958,2,2
/data2/cyk/MyIQA2New/DataSet/SIQAD2/DistortedImages/train/cim7_3_4.bmp,/data2/cyk/MyIQA2New/DataSet/SIQAD2/LogImages/train/cim7_3_4.bmp,71.07706777,2,3
/data2/cyk/MyIQA2New/DataSet/SIQAD2/DistortedImages/train/cim7_3_5.bmp,/data2/cyk/MyIQA2New/DataSet/SIQAD2/LogImages/train/cim7_3_5.bmp,84.89121087,2,4
/data2/cyk/MyIQA2New/DataSet/SIQAD2/DistortedImages/train/cim7_3_6.bmp,/data2/cyk/MyIQA2New/DataSet/SIQAD2/LogImages/train/cim7_3_6.bmp,84.59091943,2,5
/data2/cyk/MyIQA2New/DataSet/SIQAD2/DistortedImages/train/cim7_3_7.bmp,/data2/cyk/MyIQA2New/DataSet/SIQAD2/LogImages/train/cim7_3_7.bmp,86.0898414,2,6
/data2/cyk/MyIQA2New/DataSet/SIQAD2/DistortedImages/train/cim7_4_1.bmp,/data2/cyk/MyIQA2New/DataSet/SIQAD2/LogImages/train/cim7_4_1.bmp,70.19241112,3,0
/data2/cyk/MyIQA2New/DataSet/SIQAD2/DistortedImages/train/cim7_4_2.bmp,/data2/cyk/MyIQA2New/DataSet/SIQAD2/LogImages/train/cim7_4_2.bmp,44.92857374,3,1
/data2/cyk/MyIQA2New/DataSet/SIQAD2/DistortedImages/train/cim7_4_3.bmp,/data2/cyk/MyIQA2New/DataSet/SIQAD2/LogImages/train/cim7_4_3.bmp,40.06639521,3,2
/data2/cyk/MyIQA2New/DataSet/SIQAD2/DistortedImages/train/cim7_4_4.bmp,/data2/cyk/MyIQA2New/DataSet/SIQAD2/LogImages/train/cim7_4_4.bmp,43.15436397,3,3
/data2/cyk/MyIQA2New/DataSet/SIQAD2/DistortedImages/train/cim7_4_5.bmp,/data2/cyk/MyIQA2New/DataSet/SIQAD2/LogImages/train/cim7_4_5.bmp,48.70255967,3,4
/data2/cyk/MyIQA2New/DataSet/SIQAD2/DistortedImages/train/cim7_4_6.bmp,/data2/cyk/MyIQA2New/DataSet/SIQAD2/LogImages/train/cim7_4_6.bmp,52.31764944,3,5
/data2/cyk/MyIQA2New/DataSet/SIQAD2/DistortedImages/train/cim7_4_7.bmp,/data2/cyk/MyIQA2New/DataSet/SIQAD2/LogImages/train/cim7_4_7.bmp,41.04191331,3,6
/data2/cyk/MyIQA2New/DataSet/SIQAD2/DistortedImages/train/cim7_5_1.bmp,/data2/cyk/MyIQA2New/DataSet/SIQAD2/LogImages/train/cim7_5_1.bmp,34.97267746,4,0
/data2/cyk/MyIQA2New/DataSet/SIQAD2/DistortedImages/train/cim7_5_2.bmp,/data2/cyk/MyIQA2New/DataSet/SIQAD2/LogImages/train/cim7_5_2.bmp,39.40129362,4,1
/data2/cyk/MyIQA2New/DataSet/SIQAD2/DistortedImages/train/cim7_5_3.bmp,/data2/cyk/MyIQA2New/DataSet/SIQAD2/LogImages/train/cim7_5_3.bmp,43.21382444,4,2
/data2/cyk/MyIQA2New/DataSet/SIQAD2/DistortedImages/train/cim7_5_4.bmp,/data2/cyk/MyIQA2New/DataSet/SIQAD2/LogImages/train/cim7_5_4.bmp,47.9794911,4,3
/data2/cyk/MyIQA2New/DataSet/SIQAD2/DistortedImages/train/cim7_5_5.bmp,/data2/cyk/MyIQA2New/DataSet/SIQAD2/LogImages/train/cim7_5_5.bmp,48.40017555,4,4
/data2/cyk/MyIQA2New/DataSet/SIQAD2/DistortedImages/train/cim7_5_6.bmp,/data2/cyk/MyIQA2New/DataSet/SIQAD2/LogImages/train/cim7_5_6.bmp,51.18857566,4,5
/data2/cyk/MyIQA2New/DataSet/SIQAD2/DistortedImages/train/cim7_5_7.bmp,/data2/cyk/MyIQA2New/DataSet/SIQAD2/LogImages/train/cim7_5_7.bmp,59.45691316,4,6
/data2/cyk/MyIQA2New/DataSet/SIQAD2/DistortedImages/train/cim7_6_1.bmp,/data2/cyk/MyIQA2New/DataSet/SIQAD2/LogImages/train/cim7_6_1.bmp,48.33597592,5,0
/data2/cyk/MyIQA2New/DataSet/SIQAD2/DistortedImages/train/cim7_6_2.bmp,/data2/cyk/MyIQA2New/DataSet/SIQAD2/LogImages/train/cim7_6_2.bmp,47.33893139,5,1
/data2/cyk/MyIQA2New/DataSet/SIQAD2/DistortedImages/train/cim7_6_3.bmp,/data2/cyk/MyIQA2New/DataSet/SIQAD2/LogImages/train/cim7_6_3.bmp,48.41539177,5,2
/data2/cyk/MyIQA2New/DataSet/SIQAD2/DistortedImages/train/cim7_6_4.bmp,/data2/cyk/MyIQA2New/DataSet/SIQAD2/LogImages/train/cim7_6_4.bmp,57.20426194,5,3
/data2/cyk/MyIQA2New/DataSet/SIQAD2/DistortedImages/train/cim7_6_5.bmp,/data2/cyk/MyIQA2New/DataSet/SIQAD2/LogImages/train/cim7_6_5.bmp,57.32627895,5,4
/data2/cyk/MyIQA2New/DataSet/SIQAD2/DistortedImages/train/cim7_6_6.bmp,/data2/cyk/MyIQA2New/DataSet/SIQAD2/LogImages/train/cim7_6_6.bmp,64.45591347,5,5
/data2/cyk/MyIQA2New/DataSet/SIQAD2/DistortedImages/train/cim7_6_7.bmp,/data2/cyk/MyIQA2New/DataSet/SIQAD2/LogImages/train/cim7_6_7.bmp,64.00800767,5,6
/data2/cyk/MyIQA2New/DataSet/SIQAD2/DistortedImages/train/cim7_7_1.bmp,/data2/cyk/MyIQA2New/DataSet/SIQAD2/LogImages/train/cim7_7_1.bmp,36.01265946,6,0
/data2/cyk/MyIQA2New/DataSet/SIQAD2/DistortedImages/train/cim7_7_2.bmp,/data2/cyk/MyIQA2New/DataSet/SIQAD2/LogImages/train/cim7_7_2.bmp,37.23830414,6,1
/data2/cyk/MyIQA2New/DataSet/SIQAD2/DistortedImages/train/cim7_7_3.bmp,/data2/cyk/MyIQA2New/DataSet/SIQAD2/LogImages/train/cim7_7_3.bmp,43.97597404,6,2
/data2/cyk/MyIQA2New/DataSet/SIQAD2/DistortedImages/train/cim7_7_4.bmp,/data2/cyk/MyIQA2New/DataSet/SIQAD2/LogImages/train/cim7_7_4.bmp,44.4973388,6,3
/data2/cyk/MyIQA2New/DataSet/SIQAD2/DistortedImages/train/cim7_7_5.bmp,/data2/cyk/MyIQA2New/DataSet/SIQAD2/LogImages/train/cim7_7_5.bmp,45.62148259,6,4
/data2/cyk/MyIQA2New/DataSet/SIQAD2/DistortedImages/train/cim7_7_6.bmp,/data2/cyk/MyIQA2New/DataSet/SIQAD2/LogImages/train/cim7_7_6.bmp,50.32616753,6,5
/data2/cyk/MyIQA2New/DataSet/SIQAD2/DistortedImages/train/cim7_7_7.bmp,/data2/cyk/MyIQA2New/DataSet/SIQAD2/LogImages/train/cim7_7_7.bmp,51.83780393,6,6
/data2/cyk/MyIQA2New/DataSet/SIQAD2/DistortedImages/train/cim8_1_1.bmp,/data2/cyk/MyIQA2New/DataSet/SIQAD2/LogImages/train/cim8_1_1.bmp,34.93204543,0,0
/data2/cyk/MyIQA2New/DataSet/SIQAD2/DistortedImages/train/cim8_1_2.bmp,/data2/cyk/MyIQA2New/DataSet/SIQAD2/LogImages/train/cim8_1_2.bmp,52.24165825,0,1
/data2/cyk/MyIQA2New/DataSet/SIQAD2/DistortedImages/train/cim8_1_3.bmp,/data2/cyk/MyIQA2New/DataSet/SIQAD2/LogImages/train/cim8_1_3.bmp,63.49740013,0,2
/data2/cyk/MyIQA2New/DataSet/SIQAD2/DistortedImages/train/cim8_1_4.bmp,/data2/cyk/MyIQA2New/DataSet/SIQAD2/LogImages/train/cim8_1_4.bmp,64.43694863,0,3
/data2/cyk/MyIQA2New/DataSet/SIQAD2/DistortedImages/train/cim8_1_5.bmp,/data2/cyk/MyIQA2New/DataSet/SIQAD2/LogImages/train/cim8_1_5.bmp,67.84449417,0,4
/data2/cyk/MyIQA2New/DataSet/SIQAD2/DistortedImages/train/cim8_1_6.bmp,/data2/cyk/MyIQA2New/DataSet/SIQAD2/LogImages/train/cim8_1_6.bmp,83.14659273,0,5
/data2/cyk/MyIQA2New/DataSet/SIQAD2/DistortedImages/train/cim8_1_7.bmp,/data2/cyk/MyIQA2New/DataSet/SIQAD2/LogImages/train/cim8_1_7.bmp,78.17194258,0,6
/data2/cyk/MyIQA2New/DataSet/SIQAD2/DistortedImages/train/cim8_2_1.bmp,/data2/cyk/MyIQA2New/DataSet/SIQAD2/LogImages/train/cim8_2_1.bmp,40.60979748,1,0
/data2/cyk/MyIQA2New/DataSet/SIQAD2/DistortedImages/train/cim8_2_2.bmp,/data2/cyk/MyIQA2New/DataSet/SIQAD2/LogImages/train/cim8_2_2.bmp,56.08655792,1,1
/data2/cyk/MyIQA2New/DataSet/SIQAD2/DistortedImages/train/cim8_2_3.bmp,/data2/cyk/MyIQA2New/DataSet/SIQAD2/LogImages/train/cim8_2_3.bmp,51.32765724,1,2
/data2/cyk/MyIQA2New/DataSet/SIQAD2/DistortedImages/train/cim8_2_4.bmp,/data2/cyk/MyIQA2New/DataSet/SIQAD2/LogImages/train/cim8_2_4.bmp,67.76995197,1,3
/data2/cyk/MyIQA2New/DataSet/SIQAD2/DistortedImages/train/cim8_2_5.bmp,/data2/cyk/MyIQA2New/DataSet/SIQAD2/LogImages/train/cim8_2_5.bmp,65.45926308,1,4
/data2/cyk/MyIQA2New/DataSet/SIQAD2/DistortedImages/train/cim8_2_6.bmp,/data2/cyk/MyIQA2New/DataSet/SIQAD2/LogImages/train/cim8_2_6.bmp,83.50577031,1,5
/data2/cyk/MyIQA2New/DataSet/SIQAD2/DistortedImages/train/cim8_2_7.bmp,/data2/cyk/MyIQA2New/DataSet/SIQAD2/LogImages/train/cim8_2_7.bmp,85.13999134,1,6
/data2/cyk/MyIQA2New/DataSet/SIQAD2/DistortedImages/train/cim8_3_1.bmp,/data2/cyk/MyIQA2New/DataSet/SIQAD2/LogImages/train/cim8_3_1.bmp,45.56386901,2,0
/data2/cyk/MyIQA2New/DataSet/SIQAD2/DistortedImages/train/cim8_3_2.bmp,/data2/cyk/MyIQA2New/DataSet/SIQAD2/LogImages/train/cim8_3_2.bmp,52.09104736,2,1
/data2/cyk/MyIQA2New/DataSet/SIQAD2/DistortedImages/train/cim8_3_3.bmp,/data2/cyk/MyIQA2New/DataSet/SIQAD2/LogImages/train/cim8_3_3.bmp,67.00257037,2,2
/data2/cyk/MyIQA2New/DataSet/SIQAD2/DistortedImages/train/cim8_3_4.bmp,/data2/cyk/MyIQA2New/DataSet/SIQAD2/LogImages/train/cim8_3_4.bmp,63.98089215,2,3
/data2/cyk/MyIQA2New/DataSet/SIQAD2/DistortedImages/train/cim8_3_5.bmp,/data2/cyk/MyIQA2New/DataSet/SIQAD2/LogImages/train/cim8_3_5.bmp,77.16063285,2,4
/data2/cyk/MyIQA2New/DataSet/SIQAD2/DistortedImages/train/cim8_3_6.bmp,/data2/cyk/MyIQA2New/DataSet/SIQAD2/LogImages/train/cim8_3_6.bmp,81.66233074,2,5
/data2/cyk/MyIQA2New/DataSet/SIQAD2/DistortedImages/train/cim8_3_7.bmp,/data2/cyk/MyIQA2New/DataSet/SIQAD2/LogImages/train/cim8_3_7.bmp,79.64671376,2,6
/data2/cyk/MyIQA2New/DataSet/SIQAD2/DistortedImages/train/cim8_4_1.bmp,/data2/cyk/MyIQA2New/DataSet/SIQAD2/LogImages/train/cim8_4_1.bmp,70.49744583,3,0
/data2/cyk/MyIQA2New/DataSet/SIQAD2/DistortedImages/train/cim8_4_2.bmp,/data2/cyk/MyIQA2New/DataSet/SIQAD2/LogImages/train/cim8_4_2.bmp,54.3268639,3,1
/data2/cyk/MyIQA2New/DataSet/SIQAD2/DistortedImages/train/cim8_4_3.bmp,/data2/cyk/MyIQA2New/DataSet/SIQAD2/LogImages/train/cim8_4_3.bmp,39.37028081,3,2
/data2/cyk/MyIQA2New/DataSet/SIQAD2/DistortedImages/train/cim8_4_4.bmp,/data2/cyk/MyIQA2New/DataSet/SIQAD2/LogImages/train/cim8_4_4.bmp,36.85720114,3,3
/data2/cyk/MyIQA2New/DataSet/SIQAD2/DistortedImages/train/cim8_4_5.bmp,/data2/cyk/MyIQA2New/DataSet/SIQAD2/LogImages/train/cim8_4_5.bmp,62.95774849,3,4
/data2/cyk/MyIQA2New/DataSet/SIQAD2/DistortedImages/train/cim8_4_6.bmp,/data2/cyk/MyIQA2New/DataSet/SIQAD2/LogImages/train/cim8_4_6.bmp,62.69865458,3,5
/data2/cyk/MyIQA2New/DataSet/SIQAD2/DistortedImages/train/cim8_4_7.bmp,/data2/cyk/MyIQA2New/DataSet/SIQAD2/LogImages/train/cim8_4_7.bmp,51.67062127,3,6
/data2/cyk/MyIQA2New/DataSet/SIQAD2/DistortedImages/train/cim8_5_1.bmp,/data2/cyk/MyIQA2New/DataSet/SIQAD2/LogImages/train/cim8_5_1.bmp,36.96082074,4,0
/data2/cyk/MyIQA2New/DataSet/SIQAD2/DistortedImages/train/cim8_5_2.bmp,/data2/cyk/MyIQA2New/DataSet/SIQAD2/LogImages/train/cim8_5_2.bmp,38.95634078,4,1
/data2/cyk/MyIQA2New/DataSet/SIQAD2/DistortedImages/train/cim8_5_3.bmp,/data2/cyk/MyIQA2New/DataSet/SIQAD2/LogImages/train/cim8_5_3.bmp,45.51599642,4,2
/data2/cyk/MyIQA2New/DataSet/SIQAD2/DistortedImages/train/cim8_5_4.bmp,/data2/cyk/MyIQA2New/DataSet/SIQAD2/LogImages/train/cim8_5_4.bmp,43.47408676,4,3
/data2/cyk/MyIQA2New/DataSet/SIQAD2/DistortedImages/train/cim8_5_5.bmp,/data2/cyk/MyIQA2New/DataSet/SIQAD2/LogImages/train/cim8_5_5.bmp,58.29802645,4,4
/data2/cyk/MyIQA2New/DataSet/SIQAD2/DistortedImages/train/cim8_5_6.bmp,/data2/cyk/MyIQA2New/DataSet/SIQAD2/LogImages/train/cim8_5_6.bmp,51.98620475,4,5
/data2/cyk/MyIQA2New/DataSet/SIQAD2/DistortedImages/train/cim8_5_7.bmp,/data2/cyk/MyIQA2New/DataSet/SIQAD2/LogImages/train/cim8_5_7.bmp,52.90926328,4,6
/data2/cyk/MyIQA2New/DataSet/SIQAD2/DistortedImages/train/cim8_6_1.bmp,/data2/cyk/MyIQA2New/DataSet/SIQAD2/LogImages/train/cim8_6_1.bmp,34.52049338,5,0
/data2/cyk/MyIQA2New/DataSet/SIQAD2/DistortedImages/train/cim8_6_2.bmp,/data2/cyk/MyIQA2New/DataSet/SIQAD2/LogImages/train/cim8_6_2.bmp,49.14430095,5,1
/data2/cyk/MyIQA2New/DataSet/SIQAD2/DistortedImages/train/cim8_6_3.bmp,/data2/cyk/MyIQA2New/DataSet/SIQAD2/LogImages/train/cim8_6_3.bmp,58.77568558,5,2
/data2/cyk/MyIQA2New/DataSet/SIQAD2/DistortedImages/train/cim8_6_4.bmp,/data2/cyk/MyIQA2New/DataSet/SIQAD2/LogImages/train/cim8_6_4.bmp,51.05892656,5,3
/data2/cyk/MyIQA2New/DataSet/SIQAD2/DistortedImages/train/cim8_6_5.bmp,/data2/cyk/MyIQA2New/DataSet/SIQAD2/LogImages/train/cim8_6_5.bmp,52.58066496,5,4
/data2/cyk/MyIQA2New/DataSet/SIQAD2/DistortedImages/train/cim8_6_6.bmp,/data2/cyk/MyIQA2New/DataSet/SIQAD2/LogImages/train/cim8_6_6.bmp,60.0006332,5,5
/data2/cyk/MyIQA2New/DataSet/SIQAD2/DistortedImages/train/cim8_6_7.bmp,/data2/cyk/MyIQA2New/DataSet/SIQAD2/LogImages/train/cim8_6_7.bmp,65.79658892,5,6
/data2/cyk/MyIQA2New/DataSet/SIQAD2/DistortedImages/train/cim8_7_1.bmp,/data2/cyk/MyIQA2New/DataSet/SIQAD2/LogImages/train/cim8_7_1.bmp,35.55579416,6,0
/data2/cyk/MyIQA2New/DataSet/SIQAD2/DistortedImages/train/cim8_7_2.bmp,/data2/cyk/MyIQA2New/DataSet/SIQAD2/LogImages/train/cim8_7_2.bmp,44.64113257,6,1
/data2/cyk/MyIQA2New/DataSet/SIQAD2/DistortedImages/train/cim8_7_3.bmp,/data2/cyk/MyIQA2New/DataSet/SIQAD2/LogImages/train/cim8_7_3.bmp,44.93451598,6,2
/data2/cyk/MyIQA2New/DataSet/SIQAD2/DistortedImages/train/cim8_7_4.bmp,/data2/cyk/MyIQA2New/DataSet/SIQAD2/LogImages/train/cim8_7_4.bmp,50.64458205,6,3
/data2/cyk/MyIQA2New/DataSet/SIQAD2/DistortedImages/train/cim8_7_5.bmp,/data2/cyk/MyIQA2New/DataSet/SIQAD2/LogImages/train/cim8_7_5.bmp,48.4083616,6,4
/data2/cyk/MyIQA2New/DataSet/SIQAD2/DistortedImages/train/cim8_7_6.bmp,/data2/cyk/MyIQA2New/DataSet/SIQAD2/LogImages/train/cim8_7_6.bmp,51.66030898,6,5
/data2/cyk/MyIQA2New/DataSet/SIQAD2/DistortedImages/train/cim8_7_7.bmp,/data2/cyk/MyIQA2New/DataSet/SIQAD2/LogImages/train/cim8_7_7.bmp,57.55642654,6,6
/data2/cyk/MyIQA2New/DataSet/SIQAD2/DistortedImages/train/cim10_1_1.bmp,/data2/cyk/MyIQA2New/DataSet/SIQAD2/LogImages/train/cim10_1_1.bmp,26.28859806,0,0
/data2/cyk/MyIQA2New/DataSet/SIQAD2/DistortedImages/train/cim10_1_2.bmp,/data2/cyk/MyIQA2New/DataSet/SIQAD2/LogImages/train/cim10_1_2.bmp,40.40353169,0,1
/data2/cyk/MyIQA2New/DataSet/SIQAD2/DistortedImages/train/cim10_1_3.bmp,/data2/cyk/MyIQA2New/DataSet/SIQAD2/LogImages/train/cim10_1_3.bmp,47.8155029,0,2
/data2/cyk/MyIQA2New/DataSet/SIQAD2/DistortedImages/train/cim10_1_4.bmp,/data2/cyk/MyIQA2New/DataSet/SIQAD2/LogImages/train/cim10_1_4.bmp,59.00769954,0,3
/data2/cyk/MyIQA2New/DataSet/SIQAD2/DistortedImages/train/cim10_1_5.bmp,/data2/cyk/MyIQA2New/DataSet/SIQAD2/LogImages/train/cim10_1_5.bmp,59.61430863,0,4
/data2/cyk/MyIQA2New/DataSet/SIQAD2/DistortedImages/train/cim10_1_6.bmp,/data2/cyk/MyIQA2New/DataSet/SIQAD2/LogImages/train/cim10_1_6.bmp,58.97156804,0,5
/data2/cyk/MyIQA2New/DataSet/SIQAD2/DistortedImages/train/cim10_1_7.bmp,/data2/cyk/MyIQA2New/DataSet/SIQAD2/LogImages/train/cim10_1_7.bmp,74.76141222,0,6
/data2/cyk/MyIQA2New/DataSet/SIQAD2/DistortedImages/train/cim10_2_1.bmp,/data2/cyk/MyIQA2New/DataSet/SIQAD2/LogImages/train/cim10_2_1.bmp,30.88853382,1,0
/data2/cyk/MyIQA2New/DataSet/SIQAD2/DistortedImages/train/cim10_2_2.bmp,/data2/cyk/MyIQA2New/DataSet/SIQAD2/LogImages/train/cim10_2_2.bmp,32.93114568,1,1
/data2/cyk/MyIQA2New/DataSet/SIQAD2/DistortedImages/train/cim10_2_3.bmp,/data2/cyk/MyIQA2New/DataSet/SIQAD2/LogImages/train/cim10_2_3.bmp,38.20660221,1,2
/data2/cyk/MyIQA2New/DataSet/SIQAD2/DistortedImages/train/cim10_2_4.bmp,/data2/cyk/MyIQA2New/DataSet/SIQAD2/LogImages/train/cim10_2_4.bmp,60.05275535,1,3
/data2/cyk/MyIQA2New/DataSet/SIQAD2/DistortedImages/train/cim10_2_5.bmp,/data2/cyk/MyIQA2New/DataSet/SIQAD2/LogImages/train/cim10_2_5.bmp,59.35387774,1,4
/data2/cyk/MyIQA2New/DataSet/SIQAD2/DistortedImages/train/cim10_2_6.bmp,/data2/cyk/MyIQA2New/DataSet/SIQAD2/LogImages/train/cim10_2_6.bmp,75.64495173,1,5
/data2/cyk/MyIQA2New/DataSet/SIQAD2/DistortedImages/train/cim10_2_7.bmp,/data2/cyk/MyIQA2New/DataSet/SIQAD2/LogImages/train/cim10_2_7.bmp,75.38780123,1,6
/data2/cyk/MyIQA2New/DataSet/SIQAD2/DistortedImages/train/cim10_3_1.bmp,/data2/cyk/MyIQA2New/DataSet/SIQAD2/LogImages/train/cim10_3_1.bmp,40.1011425,2,0
/data2/cyk/MyIQA2New/DataSet/SIQAD2/DistortedImages/train/cim10_3_2.bmp,/data2/cyk/MyIQA2New/DataSet/SIQAD2/LogImages/train/cim10_3_2.bmp,47.20953691,2,1
/data2/cyk/MyIQA2New/DataSet/SIQAD2/DistortedImages/train/cim10_3_3.bmp,/data2/cyk/MyIQA2New/DataSet/SIQAD2/LogImages/train/cim10_3_3.bmp,56.94749913,2,2
/data2/cyk/MyIQA2New/DataSet/SIQAD2/DistortedImages/train/cim10_3_4.bmp,/data2/cyk/MyIQA2New/DataSet/SIQAD2/LogImages/train/cim10_3_4.bmp,63.25518903,2,3
/data2/cyk/MyIQA2New/DataSet/SIQAD2/DistortedImages/train/cim10_3_5.bmp,/data2/cyk/MyIQA2New/DataSet/SIQAD2/LogImages/train/cim10_3_5.bmp,58.70341057,2,4
/data2/cyk/MyIQA2New/DataSet/SIQAD2/DistortedImages/train/cim10_3_6.bmp,/data2/cyk/MyIQA2New/DataSet/SIQAD2/LogImages/train/cim10_3_6.bmp,72.79625185,2,5
/data2/cyk/MyIQA2New/DataSet/SIQAD2/DistortedImages/train/cim10_3_7.bmp,/data2/cyk/MyIQA2New/DataSet/SIQAD2/LogImages/train/cim10_3_7.bmp,79.89374517,2,6
/data2/cyk/MyIQA2New/DataSet/SIQAD2/DistortedImages/train/cim10_4_1.bmp,/data2/cyk/MyIQA2New/DataSet/SIQAD2/LogImages/train/cim10_4_1.bmp,53.17423642,3,0
/data2/cyk/MyIQA2New/DataSet/SIQAD2/DistortedImages/train/cim10_4_2.bmp,/data2/cyk/MyIQA2New/DataSet/SIQAD2/LogImages/train/cim10_4_2.bmp,31.81098133,3,1
/data2/cyk/MyIQA2New/DataSet/SIQAD2/DistortedImages/train/cim10_4_3.bmp,/data2/cyk/MyIQA2New/DataSet/SIQAD2/LogImages/train/cim10_4_3.bmp,26.18033843,3,2
/data2/cyk/MyIQA2New/DataSet/SIQAD2/DistortedImages/train/cim10_4_4.bmp,/data2/cyk/MyIQA2New/DataSet/SIQAD2/LogImages/train/cim10_4_4.bmp,30.80139413,3,3
/data2/cyk/MyIQA2New/DataSet/SIQAD2/DistortedImages/train/cim10_4_5.bmp,/data2/cyk/MyIQA2New/DataSet/SIQAD2/LogImages/train/cim10_4_5.bmp,58.74273538,3,4
/data2/cyk/MyIQA2New/DataSet/SIQAD2/DistortedImages/train/cim10_4_6.bmp,/data2/cyk/MyIQA2New/DataSet/SIQAD2/LogImages/train/cim10_4_6.bmp,41.70199449,3,5
/data2/cyk/MyIQA2New/DataSet/SIQAD2/DistortedImages/train/cim10_4_7.bmp,/data2/cyk/MyIQA2New/DataSet/SIQAD2/LogImages/train/cim10_4_7.bmp,34.62402303,3,6
/data2/cyk/MyIQA2New/DataSet/SIQAD2/DistortedImages/train/cim10_5_1.bmp,/data2/cyk/MyIQA2New/DataSet/SIQAD2/LogImages/train/cim10_5_1.bmp,30.55240189,4,0
/data2/cyk/MyIQA2New/DataSet/SIQAD2/DistortedImages/train/cim10_5_2.bmp,/data2/cyk/MyIQA2New/DataSet/SIQAD2/LogImages/train/cim10_5_2.bmp,39.96388741,4,1
/data2/cyk/MyIQA2New/DataSet/SIQAD2/DistortedImages/train/cim10_5_3.bmp,/data2/cyk/MyIQA2New/DataSet/SIQAD2/LogImages/train/cim10_5_3.bmp,42.5068215,4,2
/data2/cyk/MyIQA2New/DataSet/SIQAD2/DistortedImages/train/cim10_5_4.bmp,/data2/cyk/MyIQA2New/DataSet/SIQAD2/LogImages/train/cim10_5_4.bmp,43.33096691,4,3
/data2/cyk/MyIQA2New/DataSet/SIQAD2/DistortedImages/train/cim10_5_5.bmp,/data2/cyk/MyIQA2New/DataSet/SIQAD2/LogImages/train/cim10_5_5.bmp,42.60427925,4,4
/data2/cyk/MyIQA2New/DataSet/SIQAD2/DistortedImages/train/cim10_5_6.bmp,/data2/cyk/MyIQA2New/DataSet/SIQAD2/LogImages/train/cim10_5_6.bmp,52.70648179,4,5
/data2/cyk/MyIQA2New/DataSet/SIQAD2/DistortedImages/train/cim10_5_7.bmp,/data2/cyk/MyIQA2New/DataSet/SIQAD2/LogImages/train/cim10_5_7.bmp,49.74955785,4,6
/data2/cyk/MyIQA2New/DataSet/SIQAD2/DistortedImages/train/cim10_6_1.bmp,/data2/cyk/MyIQA2New/DataSet/SIQAD2/LogImages/train/cim10_6_1.bmp,39.70851184,5,0
/data2/cyk/MyIQA2New/DataSet/SIQAD2/DistortedImages/train/cim10_6_2.bmp,/data2/cyk/MyIQA2New/DataSet/SIQAD2/LogImages/train/cim10_6_2.bmp,37.95254134,5,1
/data2/cyk/MyIQA2New/DataSet/SIQAD2/DistortedImages/train/cim10_6_3.bmp,/data2/cyk/MyIQA2New/DataSet/SIQAD2/LogImages/train/cim10_6_3.bmp,52.56305245,5,2
/data2/cyk/MyIQA2New/DataSet/SIQAD2/DistortedImages/train/cim10_6_4.bmp,/data2/cyk/MyIQA2New/DataSet/SIQAD2/LogImages/train/cim10_6_4.bmp,52.34819846,5,3
/data2/cyk/MyIQA2New/DataSet/SIQAD2/DistortedImages/train/cim10_6_5.bmp,/data2/cyk/MyIQA2New/DataSet/SIQAD2/LogImages/train/cim10_6_5.bmp,57.1140183,5,4
/data2/cyk/MyIQA2New/DataSet/SIQAD2/DistortedImages/train/cim10_6_6.bmp,/data2/cyk/MyIQA2New/DataSet/SIQAD2/LogImages/train/cim10_6_6.bmp,67.80093116,5,5
/data2/cyk/MyIQA2New/DataSet/SIQAD2/DistortedImages/train/cim10_6_7.bmp,/data2/cyk/MyIQA2New/DataSet/SIQAD2/LogImages/train/cim10_6_7.bmp,60.38955775,5,6
/data2/cyk/MyIQA2New/DataSet/SIQAD2/DistortedImages/train/cim10_7_1.bmp,/data2/cyk/MyIQA2New/DataSet/SIQAD2/LogImages/train/cim10_7_1.bmp,29.05047201,6,0
/data2/cyk/MyIQA2New/DataSet/SIQAD2/DistortedImages/train/cim10_7_2.bmp,/data2/cyk/MyIQA2New/DataSet/SIQAD2/LogImages/train/cim10_7_2.bmp,42.22120342,6,1
/data2/cyk/MyIQA2New/DataSet/SIQAD2/DistortedImages/train/cim10_7_3.bmp,/data2/cyk/MyIQA2New/DataSet/SIQAD2/LogImages/train/cim10_7_3.bmp,46.23976558,6,2
/data2/cyk/MyIQA2New/DataSet/SIQAD2/DistortedImages/train/cim10_7_4.bmp,/data2/cyk/MyIQA2New/DataSet/SIQAD2/LogImages/train/cim10_7_4.bmp,47.87720304,6,3
/data2/cyk/MyIQA2New/DataSet/SIQAD2/DistortedImages/train/cim10_7_5.bmp,/data2/cyk/MyIQA2New/DataSet/SIQAD2/LogImages/train/cim10_7_5.bmp,47.59154299,6,4
/data2/cyk/MyIQA2New/DataSet/SIQAD2/DistortedImages/train/cim10_7_6.bmp,/data2/cyk/MyIQA2New/DataSet/SIQAD2/LogImages/train/cim10_7_6.bmp,51.47129801,6,5
/data2/cyk/MyIQA2New/DataSet/SIQAD2/DistortedImages/train/cim10_7_7.bmp,/data2/cyk/MyIQA2New/DataSet/SIQAD2/LogImages/train/cim10_7_7.bmp,63.24418354,6,6
/data2/cyk/MyIQA2New/DataSet/SIQAD2/DistortedImages/train/cim11_1_1.bmp,/data2/cyk/MyIQA2New/DataSet/SIQAD2/LogImages/train/cim11_1_1.bmp,35.99436705,0,0
/data2/cyk/MyIQA2New/DataSet/SIQAD2/DistortedImages/train/cim11_1_2.bmp,/data2/cyk/MyIQA2New/DataSet/SIQAD2/LogImages/train/cim11_1_2.bmp,54.95672666,0,1
/data2/cyk/MyIQA2New/DataSet/SIQAD2/DistortedImages/train/cim11_1_3.bmp,/data2/cyk/MyIQA2New/DataSet/SIQAD2/LogImages/train/cim11_1_3.bmp,51.39564721,0,2
/data2/cyk/MyIQA2New/DataSet/SIQAD2/DistortedImages/train/cim11_1_4.bmp,/data2/cyk/MyIQA2New/DataSet/SIQAD2/LogImages/train/cim11_1_4.bmp,57.35597227,0,3
/data2/cyk/MyIQA2New/DataSet/SIQAD2/DistortedImages/train/cim11_1_5.bmp,/data2/cyk/MyIQA2New/DataSet/SIQAD2/LogImages/train/cim11_1_5.bmp,58.99629675,0,4
/data2/cyk/MyIQA2New/DataSet/SIQAD2/DistortedImages/train/cim11_1_6.bmp,/data2/cyk/MyIQA2New/DataSet/SIQAD2/LogImages/train/cim11_1_6.bmp,65.96038049,0,5
/data2/cyk/MyIQA2New/DataSet/SIQAD2/DistortedImages/train/cim11_1_7.bmp,/data2/cyk/MyIQA2New/DataSet/SIQAD2/LogImages/train/cim11_1_7.bmp,83.05597448,0,6
/data2/cyk/MyIQA2New/DataSet/SIQAD2/DistortedImages/train/cim11_2_1.bmp,/data2/cyk/MyIQA2New/DataSet/SIQAD2/LogImages/train/cim11_2_1.bmp,47.91905638,1,0
/data2/cyk/MyIQA2New/DataSet/SIQAD2/DistortedImages/train/cim11_2_2.bmp,/data2/cyk/MyIQA2New/DataSet/SIQAD2/LogImages/train/cim11_2_2.bmp,49.20216957,1,1
/data2/cyk/MyIQA2New/DataSet/SIQAD2/DistortedImages/train/cim11_2_3.bmp,/data2/cyk/MyIQA2New/DataSet/SIQAD2/LogImages/train/cim11_2_3.bmp,54.79048469,1,2
/data2/cyk/MyIQA2New/DataSet/SIQAD2/DistortedImages/train/cim11_2_4.bmp,/data2/cyk/MyIQA2New/DataSet/SIQAD2/LogImages/train/cim11_2_4.bmp,70.44885646,1,3
/data2/cyk/MyIQA2New/DataSet/SIQAD2/DistortedImages/train/cim11_2_5.bmp,/data2/cyk/MyIQA2New/DataSet/SIQAD2/LogImages/train/cim11_2_5.bmp,70.77455583,1,4
/data2/cyk/MyIQA2New/DataSet/SIQAD2/DistortedImages/train/cim11_2_6.bmp,/data2/cyk/MyIQA2New/DataSet/SIQAD2/LogImages/train/cim11_2_6.bmp,82.80315223,1,5
/data2/cyk/MyIQA2New/DataSet/SIQAD2/DistortedImages/train/cim11_2_7.bmp,/data2/cyk/MyIQA2New/DataSet/SIQAD2/LogImages/train/cim11_2_7.bmp,81.26331437,1,6
/data2/cyk/MyIQA2New/DataSet/SIQAD2/DistortedImages/train/cim11_3_1.bmp,/data2/cyk/MyIQA2New/DataSet/SIQAD2/LogImages/train/cim11_3_1.bmp,55.48219419,2,0
/data2/cyk/MyIQA2New/DataSet/SIQAD2/DistortedImages/train/cim11_3_2.bmp,/data2/cyk/MyIQA2New/DataSet/SIQAD2/LogImages/train/cim11_3_2.bmp,51.31571003,2,1
/data2/cyk/MyIQA2New/DataSet/SIQAD2/DistortedImages/train/cim11_3_3.bmp,/data2/cyk/MyIQA2New/DataSet/SIQAD2/LogImages/train/cim11_3_3.bmp,50.2678096,2,2
/data2/cyk/MyIQA2New/DataSet/SIQAD2/DistortedImages/train/cim11_3_4.bmp,/data2/cyk/MyIQA2New/DataSet/SIQAD2/LogImages/train/cim11_3_4.bmp,58.81914986,2,3
/data2/cyk/MyIQA2New/DataSet/SIQAD2/DistortedImages/train/cim11_3_5.bmp,/data2/cyk/MyIQA2New/DataSet/SIQAD2/LogImages/train/cim11_3_5.bmp,63.98412888,2,4
/data2/cyk/MyIQA2New/DataSet/SIQAD2/DistortedImages/train/cim11_3_6.bmp,/data2/cyk/MyIQA2New/DataSet/SIQAD2/LogImages/train/cim11_3_6.bmp,71.19841671,2,5
/data2/cyk/MyIQA2New/DataSet/SIQAD2/DistortedImages/train/cim11_3_7.bmp,/data2/cyk/MyIQA2New/DataSet/SIQAD2/LogImages/train/cim11_3_7.bmp,82.33665967,2,6
/data2/cyk/MyIQA2New/DataSet/SIQAD2/DistortedImages/train/cim11_4_1.bmp,/data2/cyk/MyIQA2New/DataSet/SIQAD2/LogImages/train/cim11_4_1.bmp,76.53824154,3,0
/data2/cyk/MyIQA2New/DataSet/SIQAD2/DistortedImages/train/cim11_4_2.bmp,/data2/cyk/MyIQA2New/DataSet/SIQAD2/LogImages/train/cim11_4_2.bmp,49.77995684,3,1
/data2/cyk/MyIQA2New/DataSet/SIQAD2/DistortedImages/train/cim11_4_3.bmp,/data2/cyk/MyIQA2New/DataSet/SIQAD2/LogImages/train/cim11_4_3.bmp,39.96075822,3,2
/data2/cyk/MyIQA2New/DataSet/SIQAD2/DistortedImages/train/cim11_4_4.bmp,/data2/cyk/MyIQA2New/DataSet/SIQAD2/LogImages/train/cim11_4_4.bmp,43.14548193,3,3
/data2/cyk/MyIQA2New/DataSet/SIQAD2/DistortedImages/train/cim11_4_5.bmp,/data2/cyk/MyIQA2New/DataSet/SIQAD2/LogImages/train/cim11_4_5.bmp,45.38358447,3,4
/data2/cyk/MyIQA2New/DataSet/SIQAD2/DistortedImages/train/cim11_4_6.bmp,/data2/cyk/MyIQA2New/DataSet/SIQAD2/LogImages/train/cim11_4_6.bmp,48.21840395,3,5
/data2/cyk/MyIQA2New/DataSet/SIQAD2/DistortedImages/train/cim11_4_7.bmp,/data2/cyk/MyIQA2New/DataSet/SIQAD2/LogImages/train/cim11_4_7.bmp,37.49811598,3,6
/data2/cyk/MyIQA2New/DataSet/SIQAD2/DistortedImages/train/cim11_5_1.bmp,/data2/cyk/MyIQA2New/DataSet/SIQAD2/LogImages/train/cim11_5_1.bmp,36.79438949,4,0
/data2/cyk/MyIQA2New/DataSet/SIQAD2/DistortedImages/train/cim11_5_2.bmp,/data2/cyk/MyIQA2New/DataSet/SIQAD2/LogImages/train/cim11_5_2.bmp,36.49476461,4,1
/data2/cyk/MyIQA2New/DataSet/SIQAD2/DistortedImages/train/cim11_5_3.bmp,/data2/cyk/MyIQA2New/DataSet/SIQAD2/LogImages/train/cim11_5_3.bmp,34.02761926,4,2
/data2/cyk/MyIQA2New/DataSet/SIQAD2/DistortedImages/train/cim11_5_4.bmp,/data2/cyk/MyIQA2New/DataSet/SIQAD2/LogImages/train/cim11_5_4.bmp,40.77551979,4,3
/data2/cyk/MyIQA2New/DataSet/SIQAD2/DistortedImages/train/cim11_5_5.bmp,/data2/cyk/MyIQA2New/DataSet/SIQAD2/LogImages/train/cim11_5_5.bmp,42.83859575,4,4
/data2/cyk/MyIQA2New/DataSet/SIQAD2/DistortedImages/train/cim11_5_6.bmp,/data2/cyk/MyIQA2New/DataSet/SIQAD2/LogImages/train/cim11_5_6.bmp,59.90426853,4,5
/data2/cyk/MyIQA2New/DataSet/SIQAD2/DistortedImages/train/cim11_5_7.bmp,/data2/cyk/MyIQA2New/DataSet/SIQAD2/LogImages/train/cim11_5_7.bmp,63.85866949,4,6
/data2/cyk/MyIQA2New/DataSet/SIQAD2/DistortedImages/train/cim11_6_1.bmp,/data2/cyk/MyIQA2New/DataSet/SIQAD2/LogImages/train/cim11_6_1.bmp,33.94283733,5,0
/data2/cyk/MyIQA2New/DataSet/SIQAD2/DistortedImages/train/cim11_6_2.bmp,/data2/cyk/MyIQA2New/DataSet/SIQAD2/LogImages/train/cim11_6_2.bmp,48.4854824,5,1
/data2/cyk/MyIQA2New/DataSet/SIQAD2/DistortedImages/train/cim11_6_3.bmp,/data2/cyk/MyIQA2New/DataSet/SIQAD2/LogImages/train/cim11_6_3.bmp,47.75365476,5,2
/data2/cyk/MyIQA2New/DataSet/SIQAD2/DistortedImages/train/cim11_6_4.bmp,/data2/cyk/MyIQA2New/DataSet/SIQAD2/LogImages/train/cim11_6_4.bmp,60.43528787,5,3
/data2/cyk/MyIQA2New/DataSet/SIQAD2/DistortedImages/train/cim11_6_5.bmp,/data2/cyk/MyIQA2New/DataSet/SIQAD2/LogImages/train/cim11_6_5.bmp,61.03366922,5,4
/data2/cyk/MyIQA2New/DataSet/SIQAD2/DistortedImages/train/cim11_6_6.bmp,/data2/cyk/MyIQA2New/DataSet/SIQAD2/LogImages/train/cim11_6_6.bmp,65.46313332,5,5
/data2/cyk/MyIQA2New/DataSet/SIQAD2/DistortedImages/train/cim11_6_7.bmp,/data2/cyk/MyIQA2New/DataSet/SIQAD2/LogImages/train/cim11_6_7.bmp,64.30175197,5,6
/data2/cyk/MyIQA2New/DataSet/SIQAD2/DistortedImages/train/cim11_7_1.bmp,/data2/cyk/MyIQA2New/DataSet/SIQAD2/LogImages/train/cim11_7_1.bmp,34.71142408,6,0
/data2/cyk/MyIQA2New/DataSet/SIQAD2/DistortedImages/train/cim11_7_2.bmp,/data2/cyk/MyIQA2New/DataSet/SIQAD2/LogImages/train/cim11_7_2.bmp,35.86769202,6,1
/data2/cyk/MyIQA2New/DataSet/SIQAD2/DistortedImages/train/cim11_7_3.bmp,/data2/cyk/MyIQA2New/DataSet/SIQAD2/LogImages/train/cim11_7_3.bmp,43.42683657,6,2
/data2/cyk/MyIQA2New/DataSet/SIQAD2/DistortedImages/train/cim11_7_4.bmp,/data2/cyk/MyIQA2New/DataSet/SIQAD2/LogImages/train/cim11_7_4.bmp,44.82485707,6,3
/data2/cyk/MyIQA2New/DataSet/SIQAD2/DistortedImages/train/cim11_7_5.bmp,/data2/cyk/MyIQA2New/DataSet/SIQAD2/LogImages/train/cim11_7_5.bmp,45.03952,6,4
/data2/cyk/MyIQA2New/DataSet/SIQAD2/DistortedImages/train/cim11_7_6.bmp,/data2/cyk/MyIQA2New/DataSet/SIQAD2/LogImages/train/cim11_7_6.bmp,56.51980363,6,5
/data2/cyk/MyIQA2New/DataSet/SIQAD2/DistortedImages/train/cim11_7_7.bmp,/data2/cyk/MyIQA2New/DataSet/SIQAD2/LogImages/train/cim11_7_7.bmp,59.12750587,6,6
/data2/cyk/MyIQA2New/DataSet/SIQAD2/DistortedImages/train/cim12_1_1.bmp,/data2/cyk/MyIQA2New/DataSet/SIQAD2/LogImages/train/cim12_1_1.bmp,48.07677134,0,0
/data2/cyk/MyIQA2New/DataSet/SIQAD2/DistortedImages/train/cim12_1_2.bmp,/data2/cyk/MyIQA2New/DataSet/SIQAD2/LogImages/train/cim12_1_2.bmp,50.89002233,0,1
/data2/cyk/MyIQA2New/DataSet/SIQAD2/DistortedImages/train/cim12_1_3.bmp,/data2/cyk/MyIQA2New/DataSet/SIQAD2/LogImages/train/cim12_1_3.bmp,61.55933304,0,2
/data2/cyk/MyIQA2New/DataSet/SIQAD2/DistortedImages/train/cim12_1_4.bmp,/data2/cyk/MyIQA2New/DataSet/SIQAD2/LogImages/train/cim12_1_4.bmp,77.94797121,0,3
/data2/cyk/MyIQA2New/DataSet/SIQAD2/DistortedImages/train/cim12_1_5.bmp,/data2/cyk/MyIQA2New/DataSet/SIQAD2/LogImages/train/cim12_1_5.bmp,77.51506732,0,4
/data2/cyk/MyIQA2New/DataSet/SIQAD2/DistortedImages/train/cim12_1_6.bmp,/data2/cyk/MyIQA2New/DataSet/SIQAD2/LogImages/train/cim12_1_6.bmp,77.36873534,0,5
/data2/cyk/MyIQA2New/DataSet/SIQAD2/DistortedImages/train/cim12_1_7.bmp,/data2/cyk/MyIQA2New/DataSet/SIQAD2/LogImages/train/cim12_1_7.bmp,81.53435822,0,6
/data2/cyk/MyIQA2New/DataSet/SIQAD2/DistortedImages/train/cim12_2_1.bmp,/data2/cyk/MyIQA2New/DataSet/SIQAD2/LogImages/train/cim12_2_1.bmp,43.68992263,1,0
/data2/cyk/MyIQA2New/DataSet/SIQAD2/DistortedImages/train/cim12_2_2.bmp,/data2/cyk/MyIQA2New/DataSet/SIQAD2/LogImages/train/cim12_2_2.bmp,57.10407808,1,1
/data2/cyk/MyIQA2New/DataSet/SIQAD2/DistortedImages/train/cim12_2_3.bmp,/data2/cyk/MyIQA2New/DataSet/SIQAD2/LogImages/train/cim12_2_3.bmp,62.4221369,1,2
/data2/cyk/MyIQA2New/DataSet/SIQAD2/DistortedImages/train/cim12_2_4.bmp,/data2/cyk/MyIQA2New/DataSet/SIQAD2/LogImages/train/cim12_2_4.bmp,76.4351494,1,3
/data2/cyk/MyIQA2New/DataSet/SIQAD2/DistortedImages/train/cim12_2_5.bmp,/data2/cyk/MyIQA2New/DataSet/SIQAD2/LogImages/train/cim12_2_5.bmp,80.05410606,1,4
/data2/cyk/MyIQA2New/DataSet/SIQAD2/DistortedImages/train/cim12_2_6.bmp,/data2/cyk/MyIQA2New/DataSet/SIQAD2/LogImages/train/cim12_2_6.bmp,78.76009054,1,5
/data2/cyk/MyIQA2New/DataSet/SIQAD2/DistortedImages/train/cim12_2_7.bmp,/data2/cyk/MyIQA2New/DataSet/SIQAD2/LogImages/train/cim12_2_7.bmp,88.99795421,1,6
/data2/cyk/MyIQA2New/DataSet/SIQAD2/DistortedImages/train/cim12_3_1.bmp,/data2/cyk/MyIQA2New/DataSet/SIQAD2/LogImages/train/cim12_3_1.bmp,53.89861417,2,0
/data2/cyk/MyIQA2New/DataSet/SIQAD2/DistortedImages/train/cim12_3_2.bmp,/data2/cyk/MyIQA2New/DataSet/SIQAD2/LogImages/train/cim12_3_2.bmp,67.16297817,2,1
/data2/cyk/MyIQA2New/DataSet/SIQAD2/DistortedImages/train/cim12_3_3.bmp,/data2/cyk/MyIQA2New/DataSet/SIQAD2/LogImages/train/cim12_3_3.bmp,62.76103285,2,2
/data2/cyk/MyIQA2New/DataSet/SIQAD2/DistortedImages/train/cim12_3_4.bmp,/data2/cyk/MyIQA2New/DataSet/SIQAD2/LogImages/train/cim12_3_4.bmp,66.34954264,2,3
/data2/cyk/MyIQA2New/DataSet/SIQAD2/DistortedImages/train/cim12_3_5.bmp,/data2/cyk/MyIQA2New/DataSet/SIQAD2/LogImages/train/cim12_3_5.bmp,81.60253558,2,4
/data2/cyk/MyIQA2New/DataSet/SIQAD2/DistortedImages/train/cim12_3_6.bmp,/data2/cyk/MyIQA2New/DataSet/SIQAD2/LogImages/train/cim12_3_6.bmp,88.41584876,2,5
/data2/cyk/MyIQA2New/DataSet/SIQAD2/DistortedImages/train/cim12_3_7.bmp,/data2/cyk/MyIQA2New/DataSet/SIQAD2/LogImages/train/cim12_3_7.bmp,83.8844804,2,6
/data2/cyk/MyIQA2New/DataSet/SIQAD2/DistortedImages/train/cim12_4_1.bmp,/data2/cyk/MyIQA2New/DataSet/SIQAD2/LogImages/train/cim12_4_1.bmp,71.37472291,3,0
/data2/cyk/MyIQA2New/DataSet/SIQAD2/DistortedImages/train/cim12_4_2.bmp,/data2/cyk/MyIQA2New/DataSet/SIQAD2/LogImages/train/cim12_4_2.bmp,56.40961853,3,1
/data2/cyk/MyIQA2New/DataSet/SIQAD2/DistortedImages/train/cim12_4_3.bmp,/data2/cyk/MyIQA2New/DataSet/SIQAD2/LogImages/train/cim12_4_3.bmp,34.02290804,3,2
/data2/cyk/MyIQA2New/DataSet/SIQAD2/DistortedImages/train/cim12_4_4.bmp,/data2/cyk/MyIQA2New/DataSet/SIQAD2/LogImages/train/cim12_4_4.bmp,36.682341,3,3
/data2/cyk/MyIQA2New/DataSet/SIQAD2/DistortedImages/train/cim12_4_5.bmp,/data2/cyk/MyIQA2New/DataSet/SIQAD2/LogImages/train/cim12_4_5.bmp,44.90710985,3,4
/data2/cyk/MyIQA2New/DataSet/SIQAD2/DistortedImages/train/cim12_4_6.bmp,/data2/cyk/MyIQA2New/DataSet/SIQAD2/LogImages/train/cim12_4_6.bmp,44.1732292,3,5
/data2/cyk/MyIQA2New/DataSet/SIQAD2/DistortedImages/train/cim12_4_7.bmp,/data2/cyk/MyIQA2New/DataSet/SIQAD2/LogImages/train/cim12_4_7.bmp,35.64855493,3,6
/data2/cyk/MyIQA2New/DataSet/SIQAD2/DistortedImages/train/cim12_5_1.bmp,/data2/cyk/MyIQA2New/DataSet/SIQAD2/LogImages/train/cim12_5_1.bmp,40.84866224,4,0
/data2/cyk/MyIQA2New/DataSet/SIQAD2/DistortedImages/train/cim12_5_2.bmp,/data2/cyk/MyIQA2New/DataSet/SIQAD2/LogImages/train/cim12_5_2.bmp,47.3344943,4,1
/data2/cyk/MyIQA2New/DataSet/SIQAD2/DistortedImages/train/cim12_5_3.bmp,/data2/cyk/MyIQA2New/DataSet/SIQAD2/LogImages/train/cim12_5_3.bmp,52.11631531,4,2
/data2/cyk/MyIQA2New/DataSet/SIQAD2/DistortedImages/train/cim12_5_4.bmp,/data2/cyk/MyIQA2New/DataSet/SIQAD2/LogImages/train/cim12_5_4.bmp,50.2025847,4,3
/data2/cyk/MyIQA2New/DataSet/SIQAD2/DistortedImages/train/cim12_5_5.bmp,/data2/cyk/MyIQA2New/DataSet/SIQAD2/LogImages/train/cim12_5_5.bmp,59.69452135,4,4
/data2/cyk/MyIQA2New/DataSet/SIQAD2/DistortedImages/train/cim12_5_6.bmp,/data2/cyk/MyIQA2New/DataSet/SIQAD2/LogImages/train/cim12_5_6.bmp,57.57018905,4,5
/data2/cyk/MyIQA2New/DataSet/SIQAD2/DistortedImages/train/cim12_5_7.bmp,/data2/cyk/MyIQA2New/DataSet/SIQAD2/LogImages/train/cim12_5_7.bmp,70.20406193,4,6
/data2/cyk/MyIQA2New/DataSet/SIQAD2/DistortedImages/train/cim12_6_1.bmp,/data2/cyk/MyIQA2New/DataSet/SIQAD2/LogImages/train/cim12_6_1.bmp,61.67709478,5,0
/data2/cyk/MyIQA2New/DataSet/SIQAD2/DistortedImages/train/cim12_6_2.bmp,/data2/cyk/MyIQA2New/DataSet/SIQAD2/LogImages/train/cim12_6_2.bmp,64.56568461,5,1
/data2/cyk/MyIQA2New/DataSet/SIQAD2/DistortedImages/train/cim12_6_3.bmp,/data2/cyk/MyIQA2New/DataSet/SIQAD2/LogImages/train/cim12_6_3.bmp,66.14926354,5,2
/data2/cyk/MyIQA2New/DataSet/SIQAD2/DistortedImages/train/cim12_6_4.bmp,/data2/cyk/MyIQA2New/DataSet/SIQAD2/LogImages/train/cim12_6_4.bmp,67.39986133,5,3
/data2/cyk/MyIQA2New/DataSet/SIQAD2/DistortedImages/train/cim12_6_5.bmp,/data2/cyk/MyIQA2New/DataSet/SIQAD2/LogImages/train/cim12_6_5.bmp,81.21267723,5,4
/data2/cyk/MyIQA2New/DataSet/SIQAD2/DistortedImages/train/cim12_6_6.bmp,/data2/cyk/MyIQA2New/DataSet/SIQAD2/LogImages/train/cim12_6_6.bmp,69.56184419,5,5
/data2/cyk/MyIQA2New/DataSet/SIQAD2/DistortedImages/train/cim12_6_7.bmp,/data2/cyk/MyIQA2New/DataSet/SIQAD2/LogImages/train/cim12_6_7.bmp,73.57728179,5,6
/data2/cyk/MyIQA2New/DataSet/SIQAD2/DistortedImages/train/cim12_7_1.bmp,/data2/cyk/MyIQA2New/DataSet/SIQAD2/LogImages/train/cim12_7_1.bmp,38.23092083,6,0
/data2/cyk/MyIQA2New/DataSet/SIQAD2/DistortedImages/train/cim12_7_2.bmp,/data2/cyk/MyIQA2New/DataSet/SIQAD2/LogImages/train/cim12_7_2.bmp,38.93126713,6,1
/data2/cyk/MyIQA2New/DataSet/SIQAD2/DistortedImages/train/cim12_7_3.bmp,/data2/cyk/MyIQA2New/DataSet/SIQAD2/LogImages/train/cim12_7_3.bmp,48.97725805,6,2
/data2/cyk/MyIQA2New/DataSet/SIQAD2/DistortedImages/train/cim12_7_4.bmp,/data2/cyk/MyIQA2New/DataSet/SIQAD2/LogImages/train/cim12_7_4.bmp,48.64906248,6,3
/data2/cyk/MyIQA2New/DataSet/SIQAD2/DistortedImages/train/cim12_7_5.bmp,/data2/cyk/MyIQA2New/DataSet/SIQAD2/LogImages/train/cim12_7_5.bmp,49.89406975,6,4
/data2/cyk/MyIQA2New/DataSet/SIQAD2/DistortedImages/train/cim12_7_6.bmp,/data2/cyk/MyIQA2New/DataSet/SIQAD2/LogImages/train/cim12_7_6.bmp,52.01228314,6,5
/data2/cyk/MyIQA2New/DataSet/SIQAD2/DistortedImages/train/cim12_7_7.bmp,/data2/cyk/MyIQA2New/DataSet/SIQAD2/LogImages/train/cim12_7_7.bmp,57.03603093,6,6
/data2/cyk/MyIQA2New/DataSet/SIQAD2/DistortedImages/train/cim13_1_1.bmp,/data2/cyk/MyIQA2New/DataSet/SIQAD2/LogImages/train/cim13_1_1.bmp,34.38056397,0,0
/data2/cyk/MyIQA2New/DataSet/SIQAD2/DistortedImages/train/cim13_1_2.bmp,/data2/cyk/MyIQA2New/DataSet/SIQAD2/LogImages/train/cim13_1_2.bmp,49.19920801,0,1
/data2/cyk/MyIQA2New/DataSet/SIQAD2/DistortedImages/train/cim13_1_3.bmp,/data2/cyk/MyIQA2New/DataSet/SIQAD2/LogImages/train/cim13_1_3.bmp,54.91360555,0,2
/data2/cyk/MyIQA2New/DataSet/SIQAD2/DistortedImages/train/cim13_1_4.bmp,/data2/cyk/MyIQA2New/DataSet/SIQAD2/LogImages/train/cim13_1_4.bmp,65.85859143,0,3
/data2/cyk/MyIQA2New/DataSet/SIQAD2/DistortedImages/train/cim13_1_5.bmp,/data2/cyk/MyIQA2New/DataSet/SIQAD2/LogImages/train/cim13_1_5.bmp,71.70720333,0,4
/data2/cyk/MyIQA2New/DataSet/SIQAD2/DistortedImages/train/cim13_1_6.bmp,/data2/cyk/MyIQA2New/DataSet/SIQAD2/LogImages/train/cim13_1_6.bmp,70.48795629,0,5
/data2/cyk/MyIQA2New/DataSet/SIQAD2/DistortedImages/train/cim13_1_7.bmp,/data2/cyk/MyIQA2New/DataSet/SIQAD2/LogImages/train/cim13_1_7.bmp,73.99237768,0,6
/data2/cyk/MyIQA2New/DataSet/SIQAD2/DistortedImages/train/cim13_2_1.bmp,/data2/cyk/MyIQA2New/DataSet/SIQAD2/LogImages/train/cim13_2_1.bmp,45.15930659,1,0
/data2/cyk/MyIQA2New/DataSet/SIQAD2/DistortedImages/train/cim13_2_2.bmp,/data2/cyk/MyIQA2New/DataSet/SIQAD2/LogImages/train/cim13_2_2.bmp,48.02510797,1,1
/data2/cyk/MyIQA2New/DataSet/SIQAD2/DistortedImages/train/cim13_2_3.bmp,/data2/cyk/MyIQA2New/DataSet/SIQAD2/LogImages/train/cim13_2_3.bmp,48.7757922,1,2
/data2/cyk/MyIQA2New/DataSet/SIQAD2/DistortedImages/train/cim13_2_4.bmp,/data2/cyk/MyIQA2New/DataSet/SIQAD2/LogImages/train/cim13_2_4.bmp,69.39207212,1,3
/data2/cyk/MyIQA2New/DataSet/SIQAD2/DistortedImages/train/cim13_2_5.bmp,/data2/cyk/MyIQA2New/DataSet/SIQAD2/LogImages/train/cim13_2_5.bmp,75.64033359,1,4
/data2/cyk/MyIQA2New/DataSet/SIQAD2/DistortedImages/train/cim13_2_6.bmp,/data2/cyk/MyIQA2New/DataSet/SIQAD2/LogImages/train/cim13_2_6.bmp,76.50253037,1,5
/data2/cyk/MyIQA2New/DataSet/SIQAD2/DistortedImages/train/cim13_2_7.bmp,/data2/cyk/MyIQA2New/DataSet/SIQAD2/LogImages/train/cim13_2_7.bmp,88.34106561,1,6
/data2/cyk/MyIQA2New/DataSet/SIQAD2/DistortedImages/train/cim13_3_1.bmp,/data2/cyk/MyIQA2New/DataSet/SIQAD2/LogImages/train/cim13_3_1.bmp,52.46040494,2,0
/data2/cyk/MyIQA2New/DataSet/SIQAD2/DistortedImages/train/cim13_3_2.bmp,/data2/cyk/MyIQA2New/DataSet/SIQAD2/LogImages/train/cim13_3_2.bmp,54.29985609,2,1
/data2/cyk/MyIQA2New/DataSet/SIQAD2/DistortedImages/train/cim13_3_3.bmp,/data2/cyk/MyIQA2New/DataSet/SIQAD2/LogImages/train/cim13_3_3.bmp,65.05293725,2,2
/data2/cyk/MyIQA2New/DataSet/SIQAD2/DistortedImages/train/cim13_3_4.bmp,/data2/cyk/MyIQA2New/DataSet/SIQAD2/LogImages/train/cim13_3_4.bmp,69.84218039,2,3
/data2/cyk/MyIQA2New/DataSet/SIQAD2/DistortedImages/train/cim13_3_5.bmp,/data2/cyk/MyIQA2New/DataSet/SIQAD2/LogImages/train/cim13_3_5.bmp,79.81071876,2,4
/data2/cyk/MyIQA2New/DataSet/SIQAD2/DistortedImages/train/cim13_3_6.bmp,/data2/cyk/MyIQA2New/DataSet/SIQAD2/LogImages/train/cim13_3_6.bmp,88.18428137,2,5
/data2/cyk/MyIQA2New/DataSet/SIQAD2/DistortedImages/train/cim13_3_7.bmp,/data2/cyk/MyIQA2New/DataSet/SIQAD2/LogImages/train/cim13_3_7.bmp,88.25214217,2,6
/data2/cyk/MyIQA2New/DataSet/SIQAD2/DistortedImages/train/cim13_4_1.bmp,/data2/cyk/MyIQA2New/DataSet/SIQAD2/LogImages/train/cim13_4_1.bmp,69.41480197,3,0
/data2/cyk/MyIQA2New/DataSet/SIQAD2/DistortedImages/train/cim13_4_2.bmp,/data2/cyk/MyIQA2New/DataSet/SIQAD2/LogImages/train/cim13_4_2.bmp,55.73594192,3,1
/data2/cyk/MyIQA2New/DataSet/SIQAD2/DistortedImages/train/cim13_4_3.bmp,/data2/cyk/MyIQA2New/DataSet/SIQAD2/LogImages/train/cim13_4_3.bmp,32.38140434,3,2
/data2/cyk/MyIQA2New/DataSet/SIQAD2/DistortedImages/train/cim13_4_4.bmp,/data2/cyk/MyIQA2New/DataSet/SIQAD2/LogImages/train/cim13_4_4.bmp,33.19081902,3,3
/data2/cyk/MyIQA2New/DataSet/SIQAD2/DistortedImages/train/cim13_4_5.bmp,/data2/cyk/MyIQA2New/DataSet/SIQAD2/LogImages/train/cim13_4_5.bmp,54.40256602,3,4
/data2/cyk/MyIQA2New/DataSet/SIQAD2/DistortedImages/train/cim13_4_6.bmp,/data2/cyk/MyIQA2New/DataSet/SIQAD2/LogImages/train/cim13_4_6.bmp,44.43563619,3,5
/data2/cyk/MyIQA2New/DataSet/SIQAD2/DistortedImages/train/cim13_4_7.bmp,/data2/cyk/MyIQA2New/DataSet/SIQAD2/LogImages/train/cim13_4_7.bmp,40.22939547,3,6
/data2/cyk/MyIQA2New/DataSet/SIQAD2/DistortedImages/train/cim13_5_1.bmp,/data2/cyk/MyIQA2New/DataSet/SIQAD2/LogImages/train/cim13_5_1.bmp,31.65620525,4,0
/data2/cyk/MyIQA2New/DataSet/SIQAD2/DistortedImages/train/cim13_5_2.bmp,/data2/cyk/MyIQA2New/DataSet/SIQAD2/LogImages/train/cim13_5_2.bmp,38.20324873,4,1
/data2/cyk/MyIQA2New/DataSet/SIQAD2/DistortedImages/train/cim13_5_3.bmp,/data2/cyk/MyIQA2New/DataSet/SIQAD2/LogImages/train/cim13_5_3.bmp,40.01893438,4,2
/data2/cyk/MyIQA2New/DataSet/SIQAD2/DistortedImages/train/cim13_5_4.bmp,/data2/cyk/MyIQA2New/DataSet/SIQAD2/LogImages/train/cim13_5_4.bmp,40.14813019,4,3
/data2/cyk/MyIQA2New/DataSet/SIQAD2/DistortedImages/train/cim13_5_5.bmp,/data2/cyk/MyIQA2New/DataSet/SIQAD2/LogImages/train/cim13_5_5.bmp,54.71056011,4,4
/data2/cyk/MyIQA2New/DataSet/SIQAD2/DistortedImages/train/cim13_5_6.bmp,/data2/cyk/MyIQA2New/DataSet/SIQAD2/LogImages/train/cim13_5_6.bmp,53.73394109,4,5
/data2/cyk/MyIQA2New/DataSet/SIQAD2/DistortedImages/train/cim13_5_7.bmp,/data2/cyk/MyIQA2New/DataSet/SIQAD2/LogImages/train/cim13_5_7.bmp,51.23874943,4,6
/data2/cyk/MyIQA2New/DataSet/SIQAD2/DistortedImages/train/cim13_6_1.bmp,/data2/cyk/MyIQA2New/DataSet/SIQAD2/LogImages/train/cim13_6_1.bmp,37.63890977,5,0
/data2/cyk/MyIQA2New/DataSet/SIQAD2/DistortedImages/train/cim13_6_2.bmp,/data2/cyk/MyIQA2New/DataSet/SIQAD2/LogImages/train/cim13_6_2.bmp,46.57922771,5,1
/data2/cyk/MyIQA2New/DataSet/SIQAD2/DistortedImages/train/cim13_6_3.bmp,/data2/cyk/MyIQA2New/DataSet/SIQAD2/LogImages/train/cim13_6_3.bmp,53.76372243,5,2
/data2/cyk/MyIQA2New/DataSet/SIQAD2/DistortedImages/train/cim13_6_4.bmp,/data2/cyk/MyIQA2New/DataSet/SIQAD2/LogImages/train/cim13_6_4.bmp,56.46091087,5,3
/data2/cyk/MyIQA2New/DataSet/SIQAD2/DistortedImages/train/cim13_6_5.bmp,/data2/cyk/MyIQA2New/DataSet/SIQAD2/LogImages/train/cim13_6_5.bmp,56.83237198,5,4
/data2/cyk/MyIQA2New/DataSet/SIQAD2/DistortedImages/train/cim13_6_6.bmp,/data2/cyk/MyIQA2New/DataSet/SIQAD2/LogImages/train/cim13_6_6.bmp,74.21091664,5,5
/data2/cyk/MyIQA2New/DataSet/SIQAD2/DistortedImages/train/cim13_6_7.bmp,/data2/cyk/MyIQA2New/DataSet/SIQAD2/LogImages/train/cim13_6_7.bmp,61.44509124,5,6
/data2/cyk/MyIQA2New/DataSet/SIQAD2/DistortedImages/train/cim13_7_1.bmp,/data2/cyk/MyIQA2New/DataSet/SIQAD2/LogImages/train/cim13_7_1.bmp,36.76091224,6,0
/data2/cyk/MyIQA2New/DataSet/SIQAD2/DistortedImages/train/cim13_7_2.bmp,/data2/cyk/MyIQA2New/DataSet/SIQAD2/LogImages/train/cim13_7_2.bmp,37.53152975,6,1
/data2/cyk/MyIQA2New/DataSet/SIQAD2/DistortedImages/train/cim13_7_3.bmp,/data2/cyk/MyIQA2New/DataSet/SIQAD2/LogImages/train/cim13_7_3.bmp,40.24663956,6,2
/data2/cyk/MyIQA2New/DataSet/SIQAD2/DistortedImages/train/cim13_7_4.bmp,/data2/cyk/MyIQA2New/DataSet/SIQAD2/LogImages/train/cim13_7_4.bmp,39.67677411,6,3
/data2/cyk/MyIQA2New/DataSet/SIQAD2/DistortedImages/train/cim13_7_5.bmp,/data2/cyk/MyIQA2New/DataSet/SIQAD2/LogImages/train/cim13_7_5.bmp,49.18720693,6,4
/data2/cyk/MyIQA2New/DataSet/SIQAD2/DistortedImages/train/cim13_7_6.bmp,/data2/cyk/MyIQA2New/DataSet/SIQAD2/LogImages/train/cim13_7_6.bmp,60.82530455,6,5
/data2/cyk/MyIQA2New/DataSet/SIQAD2/DistortedImages/train/cim13_7_7.bmp,/data2/cyk/MyIQA2New/DataSet/SIQAD2/LogImages/train/cim13_7_7.bmp,62.06576725,6,6
/data2/cyk/MyIQA2New/DataSet/SIQAD2/DistortedImages/train/cim16_1_1.bmp,/data2/cyk/MyIQA2New/DataSet/SIQAD2/LogImages/train/cim16_1_1.bmp,43.10009592,0,0
/data2/cyk/MyIQA2New/DataSet/SIQAD2/DistortedImages/train/cim16_1_2.bmp,/data2/cyk/MyIQA2New/DataSet/SIQAD2/LogImages/train/cim16_1_2.bmp,49.9836553,0,1
/data2/cyk/MyIQA2New/DataSet/SIQAD2/DistortedImages/train/cim16_1_3.bmp,/data2/cyk/MyIQA2New/DataSet/SIQAD2/LogImages/train/cim16_1_3.bmp,52.25836784,0,2
/data2/cyk/MyIQA2New/DataSet/SIQAD2/DistortedImages/train/cim16_1_4.bmp,/data2/cyk/MyIQA2New/DataSet/SIQAD2/LogImages/train/cim16_1_4.bmp,63.84614578,0,3
/data2/cyk/MyIQA2New/DataSet/SIQAD2/DistortedImages/train/cim16_1_5.bmp,/data2/cyk/MyIQA2New/DataSet/SIQAD2/LogImages/train/cim16_1_5.bmp,65.90055951,0,4
/data2/cyk/MyIQA2New/DataSet/SIQAD2/DistortedImages/train/cim16_1_6.bmp,/data2/cyk/MyIQA2New/DataSet/SIQAD2/LogImages/train/cim16_1_6.bmp,80.29562344,0,5
/data2/cyk/MyIQA2New/DataSet/SIQAD2/DistortedImages/train/cim16_1_7.bmp,/data2/cyk/MyIQA2New/DataSet/SIQAD2/LogImages/train/cim16_1_7.bmp,84.90678957,0,6
/data2/cyk/MyIQA2New/DataSet/SIQAD2/DistortedImages/train/cim16_2_1.bmp,/data2/cyk/MyIQA2New/DataSet/SIQAD2/LogImages/train/cim16_2_1.bmp,43.36345763,1,0
/data2/cyk/MyIQA2New/DataSet/SIQAD2/DistortedImages/train/cim16_2_2.bmp,/data2/cyk/MyIQA2New/DataSet/SIQAD2/LogImages/train/cim16_2_2.bmp,56.39999092,1,1
/data2/cyk/MyIQA2New/DataSet/SIQAD2/DistortedImages/train/cim16_2_3.bmp,/data2/cyk/MyIQA2New/DataSet/SIQAD2/LogImages/train/cim16_2_3.bmp,59.29717208,1,2
/data2/cyk/MyIQA2New/DataSet/SIQAD2/DistortedImages/train/cim16_2_4.bmp,/data2/cyk/MyIQA2New/DataSet/SIQAD2/LogImages/train/cim16_2_4.bmp,62.20376493,1,3
/data2/cyk/MyIQA2New/DataSet/SIQAD2/DistortedImages/train/cim16_2_5.bmp,/data2/cyk/MyIQA2New/DataSet/SIQAD2/LogImages/train/cim16_2_5.bmp,68.77055419,1,4
/data2/cyk/MyIQA2New/DataSet/SIQAD2/DistortedImages/train/cim16_2_6.bmp,/data2/cyk/MyIQA2New/DataSet/SIQAD2/LogImages/train/cim16_2_6.bmp,77.16464815,1,5
/data2/cyk/MyIQA2New/DataSet/SIQAD2/DistortedImages/train/cim16_2_7.bmp,/data2/cyk/MyIQA2New/DataSet/SIQAD2/LogImages/train/cim16_2_7.bmp,79.8983488,1,6
/data2/cyk/MyIQA2New/DataSet/SIQAD2/DistortedImages/train/cim16_3_1.bmp,/data2/cyk/MyIQA2New/DataSet/SIQAD2/LogImages/train/cim16_3_1.bmp,47.11207205,2,0
/data2/cyk/MyIQA2New/DataSet/SIQAD2/DistortedImages/train/cim16_3_2.bmp,/data2/cyk/MyIQA2New/DataSet/SIQAD2/LogImages/train/cim16_3_2.bmp,53.20086611,2,1
/data2/cyk/MyIQA2New/DataSet/SIQAD2/DistortedImages/train/cim16_3_3.bmp,/data2/cyk/MyIQA2New/DataSet/SIQAD2/LogImages/train/cim16_3_3.bmp,62.35798332,2,2
/data2/cyk/MyIQA2New/DataSet/SIQAD2/DistortedImages/train/cim16_3_4.bmp,/data2/cyk/MyIQA2New/DataSet/SIQAD2/LogImages/train/cim16_3_4.bmp,74.80071145,2,3
/data2/cyk/MyIQA2New/DataSet/SIQAD2/DistortedImages/train/cim16_3_5.bmp,/data2/cyk/MyIQA2New/DataSet/SIQAD2/LogImages/train/cim16_3_5.bmp,69.45761461,2,4
/data2/cyk/MyIQA2New/DataSet/SIQAD2/DistortedImages/train/cim16_3_6.bmp,/data2/cyk/MyIQA2New/DataSet/SIQAD2/LogImages/train/cim16_3_6.bmp,78.94608859,2,5
/data2/cyk/MyIQA2New/DataSet/SIQAD2/DistortedImages/train/cim16_3_7.bmp,/data2/cyk/MyIQA2New/DataSet/SIQAD2/LogImages/train/cim16_3_7.bmp,85.89546743,2,6
/data2/cyk/MyIQA2New/DataSet/SIQAD2/DistortedImages/train/cim16_4_1.bmp,/data2/cyk/MyIQA2New/DataSet/SIQAD2/LogImages/train/cim16_4_1.bmp,63.23721411,3,0
/data2/cyk/MyIQA2New/DataSet/SIQAD2/DistortedImages/train/cim16_4_2.bmp,/data2/cyk/MyIQA2New/DataSet/SIQAD2/LogImages/train/cim16_4_2.bmp,38.44644276,3,1
/data2/cyk/MyIQA2New/DataSet/SIQAD2/DistortedImages/train/cim16_4_3.bmp,/data2/cyk/MyIQA2New/DataSet/SIQAD2/LogImages/train/cim16_4_3.bmp,38.4723385,3,2
/data2/cyk/MyIQA2New/DataSet/SIQAD2/DistortedImages/train/cim16_4_4.bmp,/data2/cyk/MyIQA2New/DataSet/SIQAD2/LogImages/train/cim16_4_4.bmp,35.16324712,3,3
/data2/cyk/MyIQA2New/DataSet/SIQAD2/DistortedImages/train/cim16_4_5.bmp,/data2/cyk/MyIQA2New/DataSet/SIQAD2/LogImages/train/cim16_4_5.bmp,44.35783199,3,4
/data2/cyk/MyIQA2New/DataSet/SIQAD2/DistortedImages/train/cim16_4_6.bmp,/data2/cyk/MyIQA2New/DataSet/SIQAD2/LogImages/train/cim16_4_6.bmp,43.63438334,3,5
/data2/cyk/MyIQA2New/DataSet/SIQAD2/DistortedImages/train/cim16_4_7.bmp,/data2/cyk/MyIQA2New/DataSet/SIQAD2/LogImages/train/cim16_4_7.bmp,33.67427502,3,6
/data2/cyk/MyIQA2New/DataSet/SIQAD2/DistortedImages/train/cim16_5_1.bmp,/data2/cyk/MyIQA2New/DataSet/SIQAD2/LogImages/train/cim16_5_1.bmp,42.40546595,4,0
/data2/cyk/MyIQA2New/DataSet/SIQAD2/DistortedImages/train/cim16_5_2.bmp,/data2/cyk/MyIQA2New/DataSet/SIQAD2/LogImages/train/cim16_5_2.bmp,53.19045005,4,1
/data2/cyk/MyIQA2New/DataSet/SIQAD2/DistortedImages/train/cim16_5_3.bmp,/data2/cyk/MyIQA2New/DataSet/SIQAD2/LogImages/train/cim16_5_3.bmp,50.46898204,4,2
/data2/cyk/MyIQA2New/DataSet/SIQAD2/DistortedImages/train/cim16_5_4.bmp,/data2/cyk/MyIQA2New/DataSet/SIQAD2/LogImages/train/cim16_5_4.bmp,49.06892271,4,3
/data2/cyk/MyIQA2New/DataSet/SIQAD2/DistortedImages/train/cim16_5_5.bmp,/data2/cyk/MyIQA2New/DataSet/SIQAD2/LogImages/train/cim16_5_5.bmp,56.55105701,4,4
/data2/cyk/MyIQA2New/DataSet/SIQAD2/DistortedImages/train/cim16_5_6.bmp,/data2/cyk/MyIQA2New/DataSet/SIQAD2/LogImages/train/cim16_5_6.bmp,56.27150772,4,5
/data2/cyk/MyIQA2New/DataSet/SIQAD2/DistortedImages/train/cim16_5_7.bmp,/data2/cyk/MyIQA2New/DataSet/SIQAD2/LogImages/train/cim16_5_7.bmp,66.46352235,4,6
/data2/cyk/MyIQA2New/DataSet/SIQAD2/DistortedImages/train/cim16_6_1.bmp,/data2/cyk/MyIQA2New/DataSet/SIQAD2/LogImages/train/cim16_6_1.bmp,43.8823026,5,0
/data2/cyk/MyIQA2New/DataSet/SIQAD2/DistortedImages/train/cim16_6_2.bmp,/data2/cyk/MyIQA2New/DataSet/SIQAD2/LogImages/train/cim16_6_2.bmp,56.04937866,5,1
/data2/cyk/MyIQA2New/DataSet/SIQAD2/DistortedImages/train/cim16_6_3.bmp,/data2/cyk/MyIQA2New/DataSet/SIQAD2/LogImages/train/cim16_6_3.bmp,63.31336259,5,2
/data2/cyk/MyIQA2New/DataSet/SIQAD2/DistortedImages/train/cim16_6_4.bmp,/data2/cyk/MyIQA2New/DataSet/SIQAD2/LogImages/train/cim16_6_4.bmp,63.55564682,5,3
/data2/cyk/MyIQA2New/DataSet/SIQAD2/DistortedImages/train/cim16_6_5.bmp,/data2/cyk/MyIQA2New/DataSet/SIQAD2/LogImages/train/cim16_6_5.bmp,66.96492334,5,4
/data2/cyk/MyIQA2New/DataSet/SIQAD2/DistortedImages/train/cim16_6_6.bmp,/data2/cyk/MyIQA2New/DataSet/SIQAD2/LogImages/train/cim16_6_6.bmp,69.4663791,5,5
/data2/cyk/MyIQA2New/DataSet/SIQAD2/DistortedImages/train/cim16_6_7.bmp,/data2/cyk/MyIQA2New/DataSet/SIQAD2/LogImages/train/cim16_6_7.bmp,69.7074112,5,6
/data2/cyk/MyIQA2New/DataSet/SIQAD2/DistortedImages/train/cim16_7_1.bmp,/data2/cyk/MyIQA2New/DataSet/SIQAD2/LogImages/train/cim16_7_1.bmp,34.77239978,6,0
/data2/cyk/MyIQA2New/DataSet/SIQAD2/DistortedImages/train/cim16_7_2.bmp,/data2/cyk/MyIQA2New/DataSet/SIQAD2/LogImages/train/cim16_7_2.bmp,35.72499571,6,1
/data2/cyk/MyIQA2New/DataSet/SIQAD2/DistortedImages/train/cim16_7_3.bmp,/data2/cyk/MyIQA2New/DataSet/SIQAD2/LogImages/train/cim16_7_3.bmp,43.60327537,6,2
/data2/cyk/MyIQA2New/DataSet/SIQAD2/DistortedImages/train/cim16_7_4.bmp,/data2/cyk/MyIQA2New/DataSet/SIQAD2/LogImages/train/cim16_7_4.bmp,43.58161323,6,3
/data2/cyk/MyIQA2New/DataSet/SIQAD2/DistortedImages/train/cim16_7_5.bmp,/data2/cyk/MyIQA2New/DataSet/SIQAD2/LogImages/train/cim16_7_5.bmp,56.56103962,6,4
/data2/cyk/MyIQA2New/DataSet/SIQAD2/DistortedImages/train/cim16_7_6.bmp,/data2/cyk/MyIQA2New/DataSet/SIQAD2/LogImages/train/cim16_7_6.bmp,59.4320463,6,5
/data2/cyk/MyIQA2New/DataSet/SIQAD2/DistortedImages/train/cim16_7_7.bmp,/data2/cyk/MyIQA2New/DataSet/SIQAD2/LogImages/train/cim16_7_7.bmp,60.12318689,6,6
/data2/cyk/MyIQA2New/DataSet/SIQAD2/DistortedImages/train/cim17_1_1.bmp,/data2/cyk/MyIQA2New/DataSet/SIQAD2/LogImages/train/cim17_1_1.bmp,39.54776877,0,0
/data2/cyk/MyIQA2New/DataSet/SIQAD2/DistortedImages/train/cim17_1_2.bmp,/data2/cyk/MyIQA2New/DataSet/SIQAD2/LogImages/train/cim17_1_2.bmp,52.96372617,0,1
/data2/cyk/MyIQA2New/DataSet/SIQAD2/DistortedImages/train/cim17_1_3.bmp,/data2/cyk/MyIQA2New/DataSet/SIQAD2/LogImages/train/cim17_1_3.bmp,49.18490561,0,2
/data2/cyk/MyIQA2New/DataSet/SIQAD2/DistortedImages/train/cim17_1_4.bmp,/data2/cyk/MyIQA2New/DataSet/SIQAD2/LogImages/train/cim17_1_4.bmp,69.46408897,0,3
/data2/cyk/MyIQA2New/DataSet/SIQAD2/DistortedImages/train/cim17_1_5.bmp,/data2/cyk/MyIQA2New/DataSet/SIQAD2/LogImages/train/cim17_1_5.bmp,76.50847044,0,4
/data2/cyk/MyIQA2New/DataSet/SIQAD2/DistortedImages/train/cim17_1_6.bmp,/data2/cyk/MyIQA2New/DataSet/SIQAD2/LogImages/train/cim17_1_6.bmp,78.86104926,0,5
/data2/cyk/MyIQA2New/DataSet/SIQAD2/DistortedImages/train/cim17_1_7.bmp,/data2/cyk/MyIQA2New/DataSet/SIQAD2/LogImages/train/cim17_1_7.bmp,82.81331917,0,6
/data2/cyk/MyIQA2New/DataSet/SIQAD2/DistortedImages/train/cim17_2_1.bmp,/data2/cyk/MyIQA2New/DataSet/SIQAD2/LogImages/train/cim17_2_1.bmp,37.65486993,1,0
/data2/cyk/MyIQA2New/DataSet/SIQAD2/DistortedImages/train/cim17_2_2.bmp,/data2/cyk/MyIQA2New/DataSet/SIQAD2/LogImages/train/cim17_2_2.bmp,41.3307119,1,1
/data2/cyk/MyIQA2New/DataSet/SIQAD2/DistortedImages/train/cim17_2_3.bmp,/data2/cyk/MyIQA2New/DataSet/SIQAD2/LogImages/train/cim17_2_3.bmp,41.4609727,1,2
/data2/cyk/MyIQA2New/DataSet/SIQAD2/DistortedImages/train/cim17_2_4.bmp,/data2/cyk/MyIQA2New/DataSet/SIQAD2/LogImages/train/cim17_2_4.bmp,49.87914498,1,3
/data2/cyk/MyIQA2New/DataSet/SIQAD2/DistortedImages/train/cim17_2_5.bmp,/data2/cyk/MyIQA2New/DataSet/SIQAD2/LogImages/train/cim17_2_5.bmp,63.16074653,1,4
/data2/cyk/MyIQA2New/DataSet/SIQAD2/DistortedImages/train/cim17_2_6.bmp,/data2/cyk/MyIQA2New/DataSet/SIQAD2/LogImages/train/cim17_2_6.bmp,72.84084783,1,5
/data2/cyk/MyIQA2New/DataSet/SIQAD2/DistortedImages/train/cim17_2_7.bmp,/data2/cyk/MyIQA2New/DataSet/SIQAD2/LogImages/train/cim17_2_7.bmp,76.56867748,1,6
/data2/cyk/MyIQA2New/DataSet/SIQAD2/DistortedImages/train/cim17_3_1.bmp,/data2/cyk/MyIQA2New/DataSet/SIQAD2/LogImages/train/cim17_3_1.bmp,43.91411193,2,0
/data2/cyk/MyIQA2New/DataSet/SIQAD2/DistortedImages/train/cim17_3_2.bmp,/data2/cyk/MyIQA2New/DataSet/SIQAD2/LogImages/train/cim17_3_2.bmp,52.34026796,2,1
/data2/cyk/MyIQA2New/DataSet/SIQAD2/DistortedImages/train/cim17_3_3.bmp,/data2/cyk/MyIQA2New/DataSet/SIQAD2/LogImages/train/cim17_3_3.bmp,54.37823017,2,2
/data2/cyk/MyIQA2New/DataSet/SIQAD2/DistortedImages/train/cim17_3_4.bmp,/data2/cyk/MyIQA2New/DataSet/SIQAD2/LogImages/train/cim17_3_4.bmp,54.55455233,2,3
/data2/cyk/MyIQA2New/DataSet/SIQAD2/DistortedImages/train/cim17_3_5.bmp,/data2/cyk/MyIQA2New/DataSet/SIQAD2/LogImages/train/cim17_3_5.bmp,65.94393202,2,4
/data2/cyk/MyIQA2New/DataSet/SIQAD2/DistortedImages/train/cim17_3_6.bmp,/data2/cyk/MyIQA2New/DataSet/SIQAD2/LogImages/train/cim17_3_6.bmp,66.5284172,2,5
/data2/cyk/MyIQA2New/DataSet/SIQAD2/DistortedImages/train/cim17_3_7.bmp,/data2/cyk/MyIQA2New/DataSet/SIQAD2/LogImages/train/cim17_3_7.bmp,78.65074968,2,6
/data2/cyk/MyIQA2New/DataSet/SIQAD2/DistortedImages/train/cim17_4_1.bmp,/data2/cyk/MyIQA2New/DataSet/SIQAD2/LogImages/train/cim17_4_1.bmp,69.36606387,3,0
/data2/cyk/MyIQA2New/DataSet/SIQAD2/DistortedImages/train/cim17_4_2.bmp,/data2/cyk/MyIQA2New/DataSet/SIQAD2/LogImages/train/cim17_4_2.bmp,31.01990558,3,1
/data2/cyk/MyIQA2New/DataSet/SIQAD2/DistortedImages/train/cim17_4_3.bmp,/data2/cyk/MyIQA2New/DataSet/SIQAD2/LogImages/train/cim17_4_3.bmp,37.01253504,3,2
/data2/cyk/MyIQA2New/DataSet/SIQAD2/DistortedImages/train/cim17_4_4.bmp,/data2/cyk/MyIQA2New/DataSet/SIQAD2/LogImages/train/cim17_4_4.bmp,45.00313157,3,3
/data2/cyk/MyIQA2New/DataSet/SIQAD2/DistortedImages/train/cim17_4_5.bmp,/data2/cyk/MyIQA2New/DataSet/SIQAD2/LogImages/train/cim17_4_5.bmp,55.84513959,3,4
/data2/cyk/MyIQA2New/DataSet/SIQAD2/DistortedImages/train/cim17_4_6.bmp,/data2/cyk/MyIQA2New/DataSet/SIQAD2/LogImages/train/cim17_4_6.bmp,61.95649474,3,5
/data2/cyk/MyIQA2New/DataSet/SIQAD2/DistortedImages/train/cim17_4_7.bmp,/data2/cyk/MyIQA2New/DataSet/SIQAD2/LogImages/train/cim17_4_7.bmp,37.81556282,3,6
/data2/cyk/MyIQA2New/DataSet/SIQAD2/DistortedImages/train/cim17_5_1.bmp,/data2/cyk/MyIQA2New/DataSet/SIQAD2/LogImages/train/cim17_5_1.bmp,33.95689892,4,0
/data2/cyk/MyIQA2New/DataSet/SIQAD2/DistortedImages/train/cim17_5_2.bmp,/data2/cyk/MyIQA2New/DataSet/SIQAD2/LogImages/train/cim17_5_2.bmp,41.54435161,4,1
/data2/cyk/MyIQA2New/DataSet/SIQAD2/DistortedImages/train/cim17_5_3.bmp,/data2/cyk/MyIQA2New/DataSet/SIQAD2/LogImages/train/cim17_5_3.bmp,45.84853064,4,2
/data2/cyk/MyIQA2New/DataSet/SIQAD2/DistortedImages/train/cim17_5_4.bmp,/data2/cyk/MyIQA2New/DataSet/SIQAD2/LogImages/train/cim17_5_4.bmp,44.67517237,4,3
/data2/cyk/MyIQA2New/DataSet/SIQAD2/DistortedImages/train/cim17_5_5.bmp,/data2/cyk/MyIQA2New/DataSet/SIQAD2/LogImages/train/cim17_5_5.bmp,48.90053452,4,4
/data2/cyk/MyIQA2New/DataSet/SIQAD2/DistortedImages/train/cim17_5_6.bmp,/data2/cyk/MyIQA2New/DataSet/SIQAD2/LogImages/train/cim17_5_6.bmp,57.97400802,4,5
/data2/cyk/MyIQA2New/DataSet/SIQAD2/DistortedImages/train/cim17_5_7.bmp,/data2/cyk/MyIQA2New/DataSet/SIQAD2/LogImages/train/cim17_5_7.bmp,57.15536995,4,6
/data2/cyk/MyIQA2New/DataSet/SIQAD2/DistortedImages/train/cim17_6_1.bmp,/data2/cyk/MyIQA2New/DataSet/SIQAD2/LogImages/train/cim17_6_1.bmp,31.48392114,5,0
/data2/cyk/MyIQA2New/DataSet/SIQAD2/DistortedImages/train/cim17_6_2.bmp,/data2/cyk/MyIQA2New/DataSet/SIQAD2/LogImages/train/cim17_6_2.bmp,34.35741875,5,1
/data2/cyk/MyIQA2New/DataSet/SIQAD2/DistortedImages/train/cim17_6_3.bmp,/data2/cyk/MyIQA2New/DataSet/SIQAD2/LogImages/train/cim17_6_3.bmp,41.84485485,5,2
/data2/cyk/MyIQA2New/DataSet/SIQAD2/DistortedImages/train/cim17_6_4.bmp,/data2/cyk/MyIQA2New/DataSet/SIQAD2/LogImages/train/cim17_6_4.bmp,40.24319123,5,3
/data2/cyk/MyIQA2New/DataSet/SIQAD2/DistortedImages/train/cim17_6_5.bmp,/data2/cyk/MyIQA2New/DataSet/SIQAD2/LogImages/train/cim17_6_5.bmp,47.19519085,5,4
/data2/cyk/MyIQA2New/DataSet/SIQAD2/DistortedImages/train/cim17_6_6.bmp,/data2/cyk/MyIQA2New/DataSet/SIQAD2/LogImages/train/cim17_6_6.bmp,53.8106618,5,5
/data2/cyk/MyIQA2New/DataSet/SIQAD2/DistortedImages/train/cim17_6_7.bmp,/data2/cyk/MyIQA2New/DataSet/SIQAD2/LogImages/train/cim17_6_7.bmp,61.88201498,5,6
/data2/cyk/MyIQA2New/DataSet/SIQAD2/DistortedImages/train/cim17_7_1.bmp,/data2/cyk/MyIQA2New/DataSet/SIQAD2/LogImages/train/cim17_7_1.bmp,38.19669215,6,0
/data2/cyk/MyIQA2New/DataSet/SIQAD2/DistortedImages/train/cim17_7_2.bmp,/data2/cyk/MyIQA2New/DataSet/SIQAD2/LogImages/train/cim17_7_2.bmp,40.79603477,6,1
/data2/cyk/MyIQA2New/DataSet/SIQAD2/DistortedImages/train/cim17_7_3.bmp,/data2/cyk/MyIQA2New/DataSet/SIQAD2/LogImages/train/cim17_7_3.bmp,44.8203745,6,2
/data2/cyk/MyIQA2New/DataSet/SIQAD2/DistortedImages/train/cim17_7_4.bmp,/data2/cyk/MyIQA2New/DataSet/SIQAD2/LogImages/train/cim17_7_4.bmp,47.29597836,6,3
/data2/cyk/MyIQA2New/DataSet/SIQAD2/DistortedImages/train/cim17_7_5.bmp,/data2/cyk/MyIQA2New/DataSet/SIQAD2/LogImages/train/cim17_7_5.bmp,51.53755685,6,4
/data2/cyk/MyIQA2New/DataSet/SIQAD2/DistortedImages/train/cim17_7_6.bmp,/data2/cyk/MyIQA2New/DataSet/SIQAD2/LogImages/train/cim17_7_6.bmp,56.21563326,6,5
/data2/cyk/MyIQA2New/DataSet/SIQAD2/DistortedImages/train/cim17_7_7.bmp,/data2/cyk/MyIQA2New/DataSet/SIQAD2/LogImages/train/cim17_7_7.bmp,59.71519739,6,6
/data2/cyk/MyIQA2New/DataSet/SIQAD2/DistortedImages/train/cim18_1_1.bmp,/data2/cyk/MyIQA2New/DataSet/SIQAD2/LogImages/train/cim18_1_1.bmp,40.04175424,0,0
/data2/cyk/MyIQA2New/DataSet/SIQAD2/DistortedImages/train/cim18_1_2.bmp,/data2/cyk/MyIQA2New/DataSet/SIQAD2/LogImages/train/cim18_1_2.bmp,43.04529707,0,1
/data2/cyk/MyIQA2New/DataSet/SIQAD2/DistortedImages/train/cim18_1_3.bmp,/data2/cyk/MyIQA2New/DataSet/SIQAD2/LogImages/train/cim18_1_3.bmp,44.23064352,0,2
/data2/cyk/MyIQA2New/DataSet/SIQAD2/DistortedImages/train/cim18_1_4.bmp,/data2/cyk/MyIQA2New/DataSet/SIQAD2/LogImages/train/cim18_1_4.bmp,56.76467372,0,3
/data2/cyk/MyIQA2New/DataSet/SIQAD2/DistortedImages/train/cim18_1_5.bmp,/data2/cyk/MyIQA2New/DataSet/SIQAD2/LogImages/train/cim18_1_5.bmp,59.48160524,0,4
/data2/cyk/MyIQA2New/DataSet/SIQAD2/DistortedImages/train/cim18_1_6.bmp,/data2/cyk/MyIQA2New/DataSet/SIQAD2/LogImages/train/cim18_1_6.bmp,59.8363491,0,5
/data2/cyk/MyIQA2New/DataSet/SIQAD2/DistortedImages/train/cim18_1_7.bmp,/data2/cyk/MyIQA2New/DataSet/SIQAD2/LogImages/train/cim18_1_7.bmp,68.71255727,0,6
/data2/cyk/MyIQA2New/DataSet/SIQAD2/DistortedImages/train/cim18_2_1.bmp,/data2/cyk/MyIQA2New/DataSet/SIQAD2/LogImages/train/cim18_2_1.bmp,39.41546942,1,0
/data2/cyk/MyIQA2New/DataSet/SIQAD2/DistortedImages/train/cim18_2_2.bmp,/data2/cyk/MyIQA2New/DataSet/SIQAD2/LogImages/train/cim18_2_2.bmp,42.05697218,1,1
/data2/cyk/MyIQA2New/DataSet/SIQAD2/DistortedImages/train/cim18_2_3.bmp,/data2/cyk/MyIQA2New/DataSet/SIQAD2/LogImages/train/cim18_2_3.bmp,51.09983233,1,2
/data2/cyk/MyIQA2New/DataSet/SIQAD2/DistortedImages/train/cim18_2_4.bmp,/data2/cyk/MyIQA2New/DataSet/SIQAD2/LogImages/train/cim18_2_4.bmp,57.08659449,1,3
/data2/cyk/MyIQA2New/DataSet/SIQAD2/DistortedImages/train/cim18_2_5.bmp,/data2/cyk/MyIQA2New/DataSet/SIQAD2/LogImages/train/cim18_2_5.bmp,63.21790746,1,4
/data2/cyk/MyIQA2New/DataSet/SIQAD2/DistortedImages/train/cim18_2_6.bmp,/data2/cyk/MyIQA2New/DataSet/SIQAD2/LogImages/train/cim18_2_6.bmp,72.82820259,1,5
/data2/cyk/MyIQA2New/DataSet/SIQAD2/DistortedImages/train/cim18_2_7.bmp,/data2/cyk/MyIQA2New/DataSet/SIQAD2/LogImages/train/cim18_2_7.bmp,72.93661153,1,6
/data2/cyk/MyIQA2New/DataSet/SIQAD2/DistortedImages/train/cim18_3_1.bmp,/data2/cyk/MyIQA2New/DataSet/SIQAD2/LogImages/train/cim18_3_1.bmp,41.78898212,2,0
/data2/cyk/MyIQA2New/DataSet/SIQAD2/DistortedImages/train/cim18_3_2.bmp,/data2/cyk/MyIQA2New/DataSet/SIQAD2/LogImages/train/cim18_3_2.bmp,42.67246874,2,1
/data2/cyk/MyIQA2New/DataSet/SIQAD2/DistortedImages/train/cim18_3_3.bmp,/data2/cyk/MyIQA2New/DataSet/SIQAD2/LogImages/train/cim18_3_3.bmp,42.94915693,2,2
/data2/cyk/MyIQA2New/DataSet/SIQAD2/DistortedImages/train/cim18_3_4.bmp,/data2/cyk/MyIQA2New/DataSet/SIQAD2/LogImages/train/cim18_3_4.bmp,62.84865839,2,3
/data2/cyk/MyIQA2New/DataSet/SIQAD2/DistortedImages/train/cim18_3_5.bmp,/data2/cyk/MyIQA2New/DataSet/SIQAD2/LogImages/train/cim18_3_5.bmp,67.10321049,2,4
/data2/cyk/MyIQA2New/DataSet/SIQAD2/DistortedImages/train/cim18_3_6.bmp,/data2/cyk/MyIQA2New/DataSet/SIQAD2/LogImages/train/cim18_3_6.bmp,67.33072178,2,5
/data2/cyk/MyIQA2New/DataSet/SIQAD2/DistortedImages/train/cim18_3_7.bmp,/data2/cyk/MyIQA2New/DataSet/SIQAD2/LogImages/train/cim18_3_7.bmp,71.50706709,2,6
/data2/cyk/MyIQA2New/DataSet/SIQAD2/DistortedImages/train/cim18_4_1.bmp,/data2/cyk/MyIQA2New/DataSet/SIQAD2/LogImages/train/cim18_4_1.bmp,65.21941515,3,0
/data2/cyk/MyIQA2New/DataSet/SIQAD2/DistortedImages/train/cim18_4_2.bmp,/data2/cyk/MyIQA2New/DataSet/SIQAD2/LogImages/train/cim18_4_2.bmp,39.54604516,3,1
/data2/cyk/MyIQA2New/DataSet/SIQAD2/DistortedImages/train/cim18_4_3.bmp,/data2/cyk/MyIQA2New/DataSet/SIQAD2/LogImages/train/cim18_4_3.bmp,35.3821325,3,2
/data2/cyk/MyIQA2New/DataSet/SIQAD2/DistortedImages/train/cim18_4_4.bmp,/data2/cyk/MyIQA2New/DataSet/SIQAD2/LogImages/train/cim18_4_4.bmp,29.32510062,3,3
/data2/cyk/MyIQA2New/DataSet/SIQAD2/DistortedImages/train/cim18_4_5.bmp,/data2/cyk/MyIQA2New/DataSet/SIQAD2/LogImages/train/cim18_4_5.bmp,34.3453154,3,4
/data2/cyk/MyIQA2New/DataSet/SIQAD2/DistortedImages/train/cim18_4_6.bmp,/data2/cyk/MyIQA2New/DataSet/SIQAD2/LogImages/train/cim18_4_6.bmp,33.17328693,3,5
/data2/cyk/MyIQA2New/DataSet/SIQAD2/DistortedImages/train/cim18_4_7.bmp,/data2/cyk/MyIQA2New/DataSet/SIQAD2/LogImages/train/cim18_4_7.bmp,37.34953952,3,6
/data2/cyk/MyIQA2New/DataSet/SIQAD2/DistortedImages/train/cim18_5_1.bmp,/data2/cyk/MyIQA2New/DataSet/SIQAD2/LogImages/train/cim18_5_1.bmp,49.07727272,4,0
/data2/cyk/MyIQA2New/DataSet/SIQAD2/DistortedImages/train/cim18_5_2.bmp,/data2/cyk/MyIQA2New/DataSet/SIQAD2/LogImages/train/cim18_5_2.bmp,31.87810781,4,1
/data2/cyk/MyIQA2New/DataSet/SIQAD2/DistortedImages/train/cim18_5_3.bmp,/data2/cyk/MyIQA2New/DataSet/SIQAD2/LogImages/train/cim18_5_3.bmp,36.26388372,4,2
/data2/cyk/MyIQA2New/DataSet/SIQAD2/DistortedImages/train/cim18_5_4.bmp,/data2/cyk/MyIQA2New/DataSet/SIQAD2/LogImages/train/cim18_5_4.bmp,41.56526225,4,3
/data2/cyk/MyIQA2New/DataSet/SIQAD2/DistortedImages/train/cim18_5_5.bmp,/data2/cyk/MyIQA2New/DataSet/SIQAD2/LogImages/train/cim18_5_5.bmp,47.05381848,4,4
/data2/cyk/MyIQA2New/DataSet/SIQAD2/DistortedImages/train/cim18_5_6.bmp,/data2/cyk/MyIQA2New/DataSet/SIQAD2/LogImages/train/cim18_5_6.bmp,45.23923815,4,5
/data2/cyk/MyIQA2New/DataSet/SIQAD2/DistortedImages/train/cim18_5_7.bmp,/data2/cyk/MyIQA2New/DataSet/SIQAD2/LogImages/train/cim18_5_7.bmp,48.87782166,4,6
/data2/cyk/MyIQA2New/DataSet/SIQAD2/DistortedImages/train/cim18_6_1.bmp,/data2/cyk/MyIQA2New/DataSet/SIQAD2/LogImages/train/cim18_6_1.bmp,38.85209537,5,0
/data2/cyk/MyIQA2New/DataSet/SIQAD2/DistortedImages/train/cim18_6_2.bmp,/data2/cyk/MyIQA2New/DataSet/SIQAD2/LogImages/train/cim18_6_2.bmp,44.38877845,5,1
/data2/cyk/MyIQA2New/DataSet/SIQAD2/DistortedImages/train/cim18_6_3.bmp,/data2/cyk/MyIQA2New/DataSet/SIQAD2/LogImages/train/cim18_6_3.bmp,51.2792625,5,2
/data2/cyk/MyIQA2New/DataSet/SIQAD2/DistortedImages/train/cim18_6_4.bmp,/data2/cyk/MyIQA2New/DataSet/SIQAD2/LogImages/train/cim18_6_4.bmp,47.66484515,5,3
/data2/cyk/MyIQA2New/DataSet/SIQAD2/DistortedImages/train/cim18_6_5.bmp,/data2/cyk/MyIQA2New/DataSet/SIQAD2/LogImages/train/cim18_6_5.bmp,61.3928802,5,4
/data2/cyk/MyIQA2New/DataSet/SIQAD2/DistortedImages/train/cim18_6_6.bmp,/data2/cyk/MyIQA2New/DataSet/SIQAD2/LogImages/train/cim18_6_6.bmp,61.34994865,5,5
/data2/cyk/MyIQA2New/DataSet/SIQAD2/DistortedImages/train/cim18_6_7.bmp,/data2/cyk/MyIQA2New/DataSet/SIQAD2/LogImages/train/cim18_6_7.bmp,62.98429274,5,6
/data2/cyk/MyIQA2New/DataSet/SIQAD2/DistortedImages/train/cim18_7_1.bmp,/data2/cyk/MyIQA2New/DataSet/SIQAD2/LogImages/train/cim18_7_1.bmp,31.17313155,6,0
/data2/cyk/MyIQA2New/DataSet/SIQAD2/DistortedImages/train/cim18_7_2.bmp,/data2/cyk/MyIQA2New/DataSet/SIQAD2/LogImages/train/cim18_7_2.bmp,40.19390369,6,1
/data2/cyk/MyIQA2New/DataSet/SIQAD2/DistortedImages/train/cim18_7_3.bmp,/data2/cyk/MyIQA2New/DataSet/SIQAD2/LogImages/train/cim18_7_3.bmp,41.20976674,6,2
/data2/cyk/MyIQA2New/DataSet/SIQAD2/DistortedImages/train/cim18_7_4.bmp,/data2/cyk/MyIQA2New/DataSet/SIQAD2/LogImages/train/cim18_7_4.bmp,43.25816356,6,3
/data2/cyk/MyIQA2New/DataSet/SIQAD2/DistortedImages/train/cim18_7_5.bmp,/data2/cyk/MyIQA2New/DataSet/SIQAD2/LogImages/train/cim18_7_5.bmp,44.23857331,6,4
/data2/cyk/MyIQA2New/DataSet/SIQAD2/DistortedImages/train/cim18_7_6.bmp,/data2/cyk/MyIQA2New/DataSet/SIQAD2/LogImages/train/cim18_7_6.bmp,46.81735432,6,5
/data2/cyk/MyIQA2New/DataSet/SIQAD2/DistortedImages/train/cim18_7_7.bmp,/data2/cyk/MyIQA2New/DataSet/SIQAD2/LogImages/train/cim18_7_7.bmp,50.59763869,6,6
/data2/cyk/MyIQA2New/DataSet/SIQAD2/DistortedImages/train/cim19_1_1.bmp,/data2/cyk/MyIQA2New/DataSet/SIQAD2/LogImages/train/cim19_1_1.bmp,37.37056691,0,0
/data2/cyk/MyIQA2New/DataSet/SIQAD2/DistortedImages/train/cim19_1_2.bmp,/data2/cyk/MyIQA2New/DataSet/SIQAD2/LogImages/train/cim19_1_2.bmp,39.13377218,0,1
/data2/cyk/MyIQA2New/DataSet/SIQAD2/DistortedImages/train/cim19_1_3.bmp,/data2/cyk/MyIQA2New/DataSet/SIQAD2/LogImages/train/cim19_1_3.bmp,41.59319794,0,2
/data2/cyk/MyIQA2New/DataSet/SIQAD2/DistortedImages/train/cim19_1_4.bmp,/data2/cyk/MyIQA2New/DataSet/SIQAD2/LogImages/train/cim19_1_4.bmp,54.96656256,0,3
/data2/cyk/MyIQA2New/DataSet/SIQAD2/DistortedImages/train/cim19_1_5.bmp,/data2/cyk/MyIQA2New/DataSet/SIQAD2/LogImages/train/cim19_1_5.bmp,67.33675637,0,4
/data2/cyk/MyIQA2New/DataSet/SIQAD2/DistortedImages/train/cim19_1_6.bmp,/data2/cyk/MyIQA2New/DataSet/SIQAD2/LogImages/train/cim19_1_6.bmp,72.72900483,0,5
/data2/cyk/MyIQA2New/DataSet/SIQAD2/DistortedImages/train/cim19_1_7.bmp,/data2/cyk/MyIQA2New/DataSet/SIQAD2/LogImages/train/cim19_1_7.bmp,66.18257849,0,6
/data2/cyk/MyIQA2New/DataSet/SIQAD2/DistortedImages/train/cim19_2_1.bmp,/data2/cyk/MyIQA2New/DataSet/SIQAD2/LogImages/train/cim19_2_1.bmp,41.29120995,1,0
/data2/cyk/MyIQA2New/DataSet/SIQAD2/DistortedImages/train/cim19_2_2.bmp,/data2/cyk/MyIQA2New/DataSet/SIQAD2/LogImages/train/cim19_2_2.bmp,42.1189708,1,1
/data2/cyk/MyIQA2New/DataSet/SIQAD2/DistortedImages/train/cim19_2_3.bmp,/data2/cyk/MyIQA2New/DataSet/SIQAD2/LogImages/train/cim19_2_3.bmp,44.25257803,1,2
/data2/cyk/MyIQA2New/DataSet/SIQAD2/DistortedImages/train/cim19_2_4.bmp,/data2/cyk/MyIQA2New/DataSet/SIQAD2/LogImages/train/cim19_2_4.bmp,54.61637418,1,3
/data2/cyk/MyIQA2New/DataSet/SIQAD2/DistortedImages/train/cim19_2_5.bmp,/data2/cyk/MyIQA2New/DataSet/SIQAD2/LogImages/train/cim19_2_5.bmp,72.92360865,1,4
/data2/cyk/MyIQA2New/DataSet/SIQAD2/DistortedImages/train/cim19_2_6.bmp,/data2/cyk/MyIQA2New/DataSet/SIQAD2/LogImages/train/cim19_2_6.bmp,76.71123342,1,5
/data2/cyk/MyIQA2New/DataSet/SIQAD2/DistortedImages/train/cim19_2_7.bmp,/data2/cyk/MyIQA2New/DataSet/SIQAD2/LogImages/train/cim19_2_7.bmp,72.77616658,1,6
/data2/cyk/MyIQA2New/DataSet/SIQAD2/DistortedImages/train/cim19_3_1.bmp,/data2/cyk/MyIQA2New/DataSet/SIQAD2/LogImages/train/cim19_3_1.bmp,44.28131012,2,0
/data2/cyk/MyIQA2New/DataSet/SIQAD2/DistortedImages/train/cim19_3_2.bmp,/data2/cyk/MyIQA2New/DataSet/SIQAD2/LogImages/train/cim19_3_2.bmp,52.95635764,2,1
/data2/cyk/MyIQA2New/DataSet/SIQAD2/DistortedImages/train/cim19_3_3.bmp,/data2/cyk/MyIQA2New/DataSet/SIQAD2/LogImages/train/cim19_3_3.bmp,48.68390233,2,2
/data2/cyk/MyIQA2New/DataSet/SIQAD2/DistortedImages/train/cim19_3_4.bmp,/data2/cyk/MyIQA2New/DataSet/SIQAD2/LogImages/train/cim19_3_4.bmp,64.8635809,2,3
/data2/cyk/MyIQA2New/DataSet/SIQAD2/DistortedImages/train/cim19_3_5.bmp,/data2/cyk/MyIQA2New/DataSet/SIQAD2/LogImages/train/cim19_3_5.bmp,69.91819124,2,4
/data2/cyk/MyIQA2New/DataSet/SIQAD2/DistortedImages/train/cim19_3_6.bmp,/data2/cyk/MyIQA2New/DataSet/SIQAD2/LogImages/train/cim19_3_6.bmp,77.39006705,2,5
/data2/cyk/MyIQA2New/DataSet/SIQAD2/DistortedImages/train/cim19_3_7.bmp,/data2/cyk/MyIQA2New/DataSet/SIQAD2/LogImages/train/cim19_3_7.bmp,72.8194447,2,6
/data2/cyk/MyIQA2New/DataSet/SIQAD2/DistortedImages/train/cim19_4_1.bmp,/data2/cyk/MyIQA2New/DataSet/SIQAD2/LogImages/train/cim19_4_1.bmp,67.85140123,3,0
/data2/cyk/MyIQA2New/DataSet/SIQAD2/DistortedImages/train/cim19_4_2.bmp,/data2/cyk/MyIQA2New/DataSet/SIQAD2/LogImages/train/cim19_4_2.bmp,39.70837721,3,1
/data2/cyk/MyIQA2New/DataSet/SIQAD2/DistortedImages/train/cim19_4_3.bmp,/data2/cyk/MyIQA2New/DataSet/SIQAD2/LogImages/train/cim19_4_3.bmp,29.75390984,3,2
/data2/cyk/MyIQA2New/DataSet/SIQAD2/DistortedImages/train/cim19_4_4.bmp,/data2/cyk/MyIQA2New/DataSet/SIQAD2/LogImages/train/cim19_4_4.bmp,33.90426054,3,3
/data2/cyk/MyIQA2New/DataSet/SIQAD2/DistortedImages/train/cim19_4_5.bmp,/data2/cyk/MyIQA2New/DataSet/SIQAD2/LogImages/train/cim19_4_5.bmp,45.8722703,3,4
/data2/cyk/MyIQA2New/DataSet/SIQAD2/DistortedImages/train/cim19_4_6.bmp,/data2/cyk/MyIQA2New/DataSet/SIQAD2/LogImages/train/cim19_4_6.bmp,37.52900727,3,5
/data2/cyk/MyIQA2New/DataSet/SIQAD2/DistortedImages/train/cim19_4_7.bmp,/data2/cyk/MyIQA2New/DataSet/SIQAD2/LogImages/train/cim19_4_7.bmp,26.328114,3,6
/data2/cyk/MyIQA2New/DataSet/SIQAD2/DistortedImages/train/cim19_5_1.bmp,/data2/cyk/MyIQA2New/DataSet/SIQAD2/LogImages/train/cim19_5_1.bmp,30.93371774,4,0
/data2/cyk/MyIQA2New/DataSet/SIQAD2/DistortedImages/train/cim19_5_2.bmp,/data2/cyk/MyIQA2New/DataSet/SIQAD2/LogImages/train/cim19_5_2.bmp,36.76766585,4,1
/data2/cyk/MyIQA2New/DataSet/SIQAD2/DistortedImages/train/cim19_5_3.bmp,/data2/cyk/MyIQA2New/DataSet/SIQAD2/LogImages/train/cim19_5_3.bmp,39.93663469,4,2
/data2/cyk/MyIQA2New/DataSet/SIQAD2/DistortedImages/train/cim19_5_4.bmp,/data2/cyk/MyIQA2New/DataSet/SIQAD2/LogImages/train/cim19_5_4.bmp,50.34533346,4,3
/data2/cyk/MyIQA2New/DataSet/SIQAD2/DistortedImages/train/cim19_5_5.bmp,/data2/cyk/MyIQA2New/DataSet/SIQAD2/LogImages/train/cim19_5_5.bmp,45.19220072,4,4
/data2/cyk/MyIQA2New/DataSet/SIQAD2/DistortedImages/train/cim19_5_6.bmp,/data2/cyk/MyIQA2New/DataSet/SIQAD2/LogImages/train/cim19_5_6.bmp,55.15950125,4,5
/data2/cyk/MyIQA2New/DataSet/SIQAD2/DistortedImages/train/cim19_5_7.bmp,/data2/cyk/MyIQA2New/DataSet/SIQAD2/LogImages/train/cim19_5_7.bmp,51.76347285,4,6
/data2/cyk/MyIQA2New/DataSet/SIQAD2/DistortedImages/train/cim19_6_1.bmp,/data2/cyk/MyIQA2New/DataSet/SIQAD2/LogImages/train/cim19_6_1.bmp,42.24233071,5,0
/data2/cyk/MyIQA2New/DataSet/SIQAD2/DistortedImages/train/cim19_6_2.bmp,/data2/cyk/MyIQA2New/DataSet/SIQAD2/LogImages/train/cim19_6_2.bmp,50.32816592,5,1
/data2/cyk/MyIQA2New/DataSet/SIQAD2/DistortedImages/train/cim19_6_3.bmp,/data2/cyk/MyIQA2New/DataSet/SIQAD2/LogImages/train/cim19_6_3.bmp,50.23030948,5,2
/data2/cyk/MyIQA2New/DataSet/SIQAD2/DistortedImages/train/cim19_6_4.bmp,/data2/cyk/MyIQA2New/DataSet/SIQAD2/LogImages/train/cim19_6_4.bmp,51.62400526,5,3
/data2/cyk/MyIQA2New/DataSet/SIQAD2/DistortedImages/train/cim19_6_5.bmp,/data2/cyk/MyIQA2New/DataSet/SIQAD2/LogImages/train/cim19_6_5.bmp,56.30041323,5,4
/data2/cyk/MyIQA2New/DataSet/SIQAD2/DistortedImages/train/cim19_6_6.bmp,/data2/cyk/MyIQA2New/DataSet/SIQAD2/LogImages/train/cim19_6_6.bmp,60.70905851,5,5
/data2/cyk/MyIQA2New/DataSet/SIQAD2/DistortedImages/train/cim19_6_7.bmp,/data2/cyk/MyIQA2New/DataSet/SIQAD2/LogImages/train/cim19_6_7.bmp,62.84649037,5,6
/data2/cyk/MyIQA2New/DataSet/SIQAD2/DistortedImages/train/cim19_7_1.bmp,/data2/cyk/MyIQA2New/DataSet/SIQAD2/LogImages/train/cim19_7_1.bmp,37.42268985,6,0
/data2/cyk/MyIQA2New/DataSet/SIQAD2/DistortedImages/train/cim19_7_2.bmp,/data2/cyk/MyIQA2New/DataSet/SIQAD2/LogImages/train/cim19_7_2.bmp,42.71502631,6,1
/data2/cyk/MyIQA2New/DataSet/SIQAD2/DistortedImages/train/cim19_7_3.bmp,/data2/cyk/MyIQA2New/DataSet/SIQAD2/LogImages/train/cim19_7_3.bmp,43.33635444,6,2
/data2/cyk/MyIQA2New/DataSet/SIQAD2/DistortedImages/train/cim19_7_4.bmp,/data2/cyk/MyIQA2New/DataSet/SIQAD2/LogImages/train/cim19_7_4.bmp,43.63469083,6,3
/data2/cyk/MyIQA2New/DataSet/SIQAD2/DistortedImages/train/cim19_7_5.bmp,/data2/cyk/MyIQA2New/DataSet/SIQAD2/LogImages/train/cim19_7_5.bmp,48.90710809,6,4
/data2/cyk/MyIQA2New/DataSet/SIQAD2/DistortedImages/train/cim19_7_6.bmp,/data2/cyk/MyIQA2New/DataSet/SIQAD2/LogImages/train/cim19_7_6.bmp,58.81864125,6,5
/data2/cyk/MyIQA2New/DataSet/SIQAD2/DistortedImages/train/cim19_7_7.bmp,/data2/cyk/MyIQA2New/DataSet/SIQAD2/LogImages/train/cim19_7_7.bmp,59.20302131,6,6
